5-HT2beta	GO:0001591,GO:0004930,GO:0016020,GO:0071880
A4	GO:0005576,GO:0006869,GO:0008289
AChE-2	GO:0001507,GO:0003990,GO:0005615,GO:0005886,GO:0019695
Acph-1	GO:0016311,GO:0016791
Adk1	GO:0004017,GO:0005524,GO:0005737,GO:0005829,GO:0009142
AGLU2	GO:0005975
Amih	GO:0005249,GO:0006813,GO:0016020,GO:0055085
Argk	GO:0004111,GO:0046314
aub	GO:0005515,GO:0031047,GO:0034584,GO:0043186
brp	GO:0007274,GO:0048167,GO:0048788,GO:0048790,GO:0098882
C1q-VP	GO:0005515
cad	GO:0000977,GO:0000981,GO:0005634,GO:0006357,GO:0009790,GO:0009887,GO:0009948,GO:0030154
Cpap3-b	GO:0005576,GO:0008061
Cpap3-c	GO:0005576,GO:0008061
Cpap3-d	GO:0005576,GO:0008061
CPR11	GO:0005615,GO:0031012
CPR14	GO:0008010,GO:0062129
CPR17	GO:0008010,GO:0062129
CPR2	GO:0005615,GO:0031012
CPR22	GO:0008010,GO:0062129
CPR27	GO:0008010,GO:0062129
CPR28	GO:0008010,GO:0062129
CPR3	GO:0005615,GO:0031012
CPR5	GO:0005615,GO:0031012
crh-BP	GO:0005615,GO:0009755,GO:0051424,GO:0051460,GO:1900011
Cyp314a1	GO:0004497,GO:0005506,GO:0016705,GO:0020037
CYP6AQ1	GO:0004497,GO:0005506,GO:0016705,GO:0020037
Cyp6as5	GO:0004497,GO:0005506,GO:0016705,GO:0020037
CytC	GO:0005758,GO:0006122,GO:0006123,GO:0009055,GO:0020037,GO:0043280
Dsx	GO:0000978,GO:0000981,GO:0005634,GO:0006357,GO:0007548
Eaat-2	GO:0005313,GO:0005886,GO:0015175,GO:0015501,GO:0015813
Ecr	GO:0000122,GO:0000978,GO:0004879,GO:0005634,GO:0008270,GO:0030154,GO:0035076,GO:0035100,GO:0045944
Ef-1a-f1	GO:0003746,GO:0003924,GO:0005525,GO:0006412,GO:0006414
Emc	GO:0000122,GO:0005634,GO:0005737,GO:0030154,GO:0032922,GO:0046983,GO:0140110
eve	GO:0000978,GO:0000981,GO:0005634,GO:0006357
Fabp	GO:0005504,GO:0005634,GO:0005829,GO:0015908
For	GO:0004692,GO:0005524,GO:0006468
Gfat2	GO:0004360,GO:0006002,GO:0006047,GO:0006487,GO:0097367,GO:1901137
GlnS	GO:0004356,GO:0005737,GO:0006542
Glob1	GO:0005576,GO:0005833,GO:0015671,GO:0019825,GO:0020037
GluCl	GO:0004888,GO:0005230,GO:0005254,GO:0007165,GO:0007268,GO:0016020,GO:0030594,GO:0042391,GO:0043005,GO:0045202,GO:0050877,GO:1902476
Glurb	GO:0001640,GO:0007186,GO:0016020
GstD1	GO:0004364,GO:0006749
GstS4	GO:0004364,GO:0006749
Gycbeta1	GO:0004383,GO:0006182,GO:0008074,GO:0019934,GO:0020037,GO:0070482
Hb	GO:0000977,GO:0000981,GO:0005634,GO:0006357
Hbg3	GO:0005975
Ip3k	GO:0005634,GO:0005737,GO:0008440,GO:0032958,GO:0051765
JHBP-1	GO:0005615,GO:0032504
Kr	GO:0005634,GO:0010468
LOC100576125	GO:0006999,GO:0030674,GO:0070762
LOC100576130	GO:0005179,GO:0005576
LOC100576179	GO:0005930,GO:0060271
LOC100576217	GO:0004016,GO:0005515,GO:0005737,GO:0009190,GO:0035556
LOC100576221	GO:0000977,GO:0000981,GO:0005634,GO:0006357
LOC100576224	GO:0004089,GO:0005737,GO:0008270
LOC100576246	GO:0004984,GO:0005549,GO:0005886,GO:0007608,GO:0050911
LOC100576251	GO:0000978,GO:0000981,GO:0005634,GO:0006357
LOC100576261	GO:0000978,GO:0000981,GO:0005634,GO:0006357
LOC100576270	GO:0005829,GO:0019239,GO:1901565
LOC100576282	GO:0004984,GO:0005549,GO:0005886,GO:0007608,GO:0050911
LOC100576290	GO:0003341,GO:0005858,GO:0045503,GO:0045504
LOC100576293	GO:0000978,GO:0000981,GO:0006355
LOC100576374	GO:0000724,GO:0031297,GO:0043596
LOC100576383	GO:0000139,GO:0004571,GO:0004984,GO:0005509,GO:0005549,GO:0005783,GO:0005975,GO:0006491,GO:0007608
LOC100576384	GO:0004725,GO:0005515,GO:0006470
LOC100576401	GO:0008080
LOC100576412	GO:0005515
LOC100576421	GO:0005634,GO:0140110
LOC100576454	GO:0019230,GO:0042330,GO:0050954,GO:0071683
LOC100576458	GO:0015204,GO:0016020,GO:0071918
LOC100576460	GO:0005509,GO:0019722,GO:0019900
LOC100576482	GO:0005634,GO:0005813,GO:0005814,GO:0015631,GO:0060271,GO:0061511
LOC100576497	GO:0004144,GO:0005886,GO:0019432,GO:0047196
LOC100576502	GO:0008270
LOC100576508	GO:0008146,GO:0016020
LOC100576512	GO:0005576,GO:0008200
LOC100576555	GO:0140575
LOC100576569	GO:0031012
LOC100576584	GO:0005096,GO:0005634,GO:0005829,GO:0006913,GO:0031267,GO:0048471,GO:0090630
LOC100576625	GO:0003723,GO:0007283
LOC100576677	GO:0000400,GO:0000723,GO:0000724,GO:0003697,GO:0005524,GO:0005657,GO:0005813,GO:0007131,GO:0033063,GO:0042148,GO:0140664
LOC100576683	GO:0001653,GO:0004383,GO:0006182,GO:0007168,GO:0035556
LOC100576700	GO:0046983
LOC100576703	GO:0005525
LOC100576734	GO:0004984,GO:0005549,GO:0005886,GO:0007608,GO:0050911
LOC100576745	GO:0005515
LOC100576746	GO:0001750,GO:0004930,GO:0007186,GO:0016020
LOC100576826	GO:0005886,GO:0007605
LOC100576828	GO:0005634,GO:0007140,GO:0007283,GO:0034587,GO:0043186,GO:0043565,GO:0045892,GO:0060964
LOC100576831	GO:0016020
LOC100576839	GO:0004984,GO:0005549,GO:0005886,GO:0007608,GO:0050911
LOC100576864	GO:0005813,GO:0005814,GO:0007099,GO:0051299,GO:1902017,GO:1902410
LOC100576878	GO:0003700,GO:0006355
LOC100576895	GO:0005777,GO:0035336,GO:0080019
LOC100576901	GO:0004692,GO:0005524,GO:0006468
LOC100576903	GO:0005515
LOC100576934	GO:0019991
LOC100576940	GO:0004984,GO:0005549,GO:0005886,GO:0007608,GO:0050911
LOC100576953	GO:0004017,GO:0004127,GO:0004550,GO:0005524,GO:0005737,GO:0009142
LOC100576989	GO:0004843,GO:0016579
LOC100576992	GO:0004984,GO:0005549,GO:0005886,GO:0007608,GO:0050911
LOC100577002	GO:0003993,GO:0052745
LOC100577019	GO:0030431,GO:0032222,GO:1903818
LOC100577024	GO:0004984,GO:0005549,GO:0005886,GO:0007608,GO:0050911
LOC100577026	GO:0003824,GO:0030151,GO:0030170
LOC100577030	GO:0004983,GO:0005886,GO:0007186,GO:0042277
LOC100577064	GO:0005615,GO:0032504
LOC100577082	GO:0004144,GO:0005886,GO:0019432,GO:0047196
LOC100577120	GO:0000776,GO:0004674,GO:0004712,GO:0005524,GO:0005634,GO:0005819,GO:0007059,GO:0007094,GO:0018105,GO:0033316,GO:0034501
LOC100577127	GO:0005634,GO:0006364
LOC100577135	GO:0006898,GO:0008104,GO:0016324,GO:0030139
LOC100577138	GO:0004115,GO:0005515,GO:0007165,GO:0047555
LOC100577163	GO:0005515,GO:0005615,GO:0031012
LOC100577174	GO:0000978,GO:0001228,GO:0005634,GO:0006357
LOC100577180	GO:0005515,GO:0005634,GO:0006357
LOC100577220	GO:0000978,GO:0000981,GO:0005634,GO:0006357,GO:0007417
LOC100577229	GO:0005615,GO:0031012
LOC100577235	GO:0005515
LOC100577254	GO:0005249,GO:0006813,GO:0016020,GO:0055085
LOC100577343	GO:0016020
LOC100577351	GO:0007131,GO:0035861
LOC100577365	GO:0000978,GO:0000981,GO:0005634,GO:0006357,GO:0007275,GO:0030182
LOC100577376	GO:0005245,GO:0005891
LOC100577397	GO:0008083,GO:0016020,GO:0035099
LOC100577401	GO:0003712,GO:0005515,GO:0005634,GO:0005667,GO:0006355,GO:0090309
LOC100577425	GO:0008285
LOC100577456	GO:0005509
LOC100577472	GO:0000981,GO:0000987,GO:0005634,GO:0007409,GO:0045944,GO:0048665
LOC100577492	GO:0005515,GO:0005856
LOC100577499	GO:0000776,GO:0031262
LOC100577501	GO:0005643
LOC100577543	GO:0000978,GO:0003700,GO:0006357
LOC100577548	GO:0000226,GO:0000278,GO:0003924,GO:0005200,GO:0005525,GO:0005737,GO:0005874
LOC100577562	GO:0008010,GO:0062129
LOC100577574	GO:0005249,GO:0008076,GO:0044325,GO:0099104
LOC100577576	GO:0005576,GO:0008061
LOC100577578	GO:0000413,GO:0003755,GO:0008270
LOC100577580	GO:0003924,GO:0005525,GO:0060170,GO:0097500,GO:0097730,GO:1905515
LOC100577584	GO:0009374
LOC100577603	GO:0000978,GO:0000981,GO:0005634,GO:0006357,GO:0007420
LOC100577623	GO:0003700,GO:0006355
LOC100577629	GO:0005102,GO:0005509,GO:0005576,GO:0009986,GO:0048856
LOC100577636	GO:0032589,GO:0050808
LOC100577649	GO:0005524,GO:0005634,GO:0005876,GO:0007018,GO:0008017,GO:0008574,GO:0090307
LOC100577678	GO:0003676
LOC100577679	GO:0003688,GO:0005634,GO:0005664,GO:0006260
LOC100577682	GO:0016020,GO:0019991
LOC100577692	GO:0000978,GO:0003700,GO:0006357
LOC100577699	GO:0005739,GO:0009396,GO:0030272,GO:0035999
LOC100577722	GO:0000278,GO:0000940,GO:0005876,GO:0007059,GO:0008017,GO:0031110,GO:0051301,GO:0072686
LOC100577725	GO:0005576,GO:0008061
LOC100577754	GO:0003676,GO:0008270
LOC100577787	GO:0004984,GO:0005549,GO:0005886,GO:0007608,GO:0050911
LOC100577815	GO:0005509
LOC100577833	GO:0000786,GO:0003690,GO:0005634,GO:0006334,GO:0030261,GO:0030527,GO:0031492,GO:0045910
LOC100577877	GO:0000977,GO:0000981,GO:0005634,GO:0006357
LOC100577879	GO:0004089,GO:0008270
LOC100577885	GO:0000387,GO:0015030,GO:0030619,GO:0030620
LOC100577913	GO:0005634,GO:0005737,GO:0030162,GO:0031625,GO:0043161
LOC100577976	GO:0005737,GO:0019207,GO:0051018,GO:0060828
LOC100578005	GO:0030515,GO:0031428,GO:0032040
LOC100578011	GO:0031262,GO:0051315
LOC100578020	GO:0000724,GO:0003697,GO:0097196
LOC100578042	GO:0016747
LOC100578044	GO:0003723,GO:0005515
LOC100578055	GO:0007165
LOC100578059	GO:0005515
LOC100578067	GO:0000978,GO:0000981,GO:0005634,GO:0006357,GO:0009952,GO:0046983,GO:0050767
LOC100578084	GO:0005515
LOC100578089	GO:0005736,GO:0006352
LOC100578112	GO:0004127,GO:0005524,GO:0005634,GO:0005737,GO:0006225,GO:0033862,GO:0046705
LOC100578129	GO:0000278,GO:0005524,GO:0005874,GO:0007018,GO:0008017,GO:0008574
LOC100578168	GO:0006486,GO:0016020,GO:0036065,GO:0046920
LOC100578205	GO:0008017,GO:0051225,GO:0070652,GO:1990498
LOC100578207	GO:0015280,GO:0016020,GO:0035725
LOC100578233	GO:0003352,GO:0005858,GO:0005930,GO:0060285,GO:0070286
LOC100578236	GO:0003723,GO:0005737,GO:0005844
LOC100578255	GO:0005096,GO:0005516,GO:0005737,GO:0032956,GO:0043087,GO:0051015
LOC100578289	GO:0000978,GO:0003700,GO:0006357
LOC100578307	GO:0003993,GO:0052745
LOC100578314	GO:0008028
LOC100578321	GO:0005515,GO:0005794,GO:0006629
LOC100578334	GO:0000977,GO:0000981,GO:0006357,GO:0032502,GO:0046983
LOC100578346	GO:0005515
LOC100578400	GO:0004984,GO:0005549,GO:0005886,GO:0007608,GO:0050911
LOC100578406	GO:0005634,GO:0006357
LOC100578420	GO:0005515
LOC100578428	GO:0005811,GO:0005829,GO:0010890,GO:0019915
LOC100578512	GO:0003341,GO:0005930,GO:1904158
LOC100578530	GO:0000724,GO:0005634,GO:0008270,GO:0016925,GO:0030915,GO:0061665
LOC100578561	GO:0000978,GO:0000981,GO:0006357
LOC100578579	GO:0005515
LOC100578614	GO:0005737,GO:0005868,GO:0007018,GO:0045505
LOC100578617	GO:0004984,GO:0005549,GO:0005886,GO:0007608,GO:0050911
LOC100578621	GO:0005615,GO:0031012
LOC100578649	GO:0004675,GO:0016020
LOC100578651	GO:0016020
LOC100578662	GO:0004930,GO:0007166,GO:0007186,GO:0016020
LOC100578664	GO:0005215,GO:0006810
LOC100578674	GO:0005634,GO:0005737,GO:0007052,GO:0007059,GO:0007346,GO:0008017,GO:0023052,GO:0031616,GO:0051382,GO:0051642
LOC100578685	GO:0004984,GO:0005549,GO:0005886,GO:0007608,GO:0050911
LOC100578699	GO:0008201,GO:0009986
LOC100578714	GO:0005515,GO:0019005,GO:0031146,GO:0031398
LOC100578716	GO:0005515
LOC100578718	GO:0003677
LOC100578719	GO:0005121,GO:0005576,GO:0008083,GO:0008592,GO:0021556,GO:0045087
LOC100578726	GO:0005813,GO:0005814,GO:0007052,GO:0007224,GO:0051298,GO:0071539
LOC100578727	GO:0005515
LOC100578733	GO:0016747
LOC100578746	GO:0003906,GO:0005634,GO:0006302,GO:0008408,GO:0035861
LOC100578773	GO:0003676,GO:0008270
LOC100578774	GO:0005515
LOC100578780	GO:0000977,GO:0000981,GO:0006357,GO:0032502,GO:0046983
LOC100578810	GO:0016020,GO:0022857,GO:0055085
LOC100578814	GO:0005777,GO:0035336,GO:0080019
LOC100578824	GO:0000978,GO:0000981,GO:0005634,GO:0006357,GO:0007417
LOC100578829	GO:0005789,GO:0009922,GO:0019367,GO:0030148,GO:0034625,GO:0034626,GO:0042761
LOC100578833	GO:0005814,GO:0045162,GO:0060271
LOC100578842	GO:0004984,GO:0005549,GO:0005886,GO:0007608,GO:0050911
LOC100578881	GO:0046982
LOC100578925	GO:0003714,GO:0005634,GO:0005737,GO:0010468
LOC100578928	GO:0005509
LOC100578931	GO:0006355,GO:0043130
LOC100578939	GO:0007165
LOC100578990	GO:0003341,GO:0036157,GO:0036158,GO:0045503,GO:0045504
LOC100578999	GO:0005814,GO:0060271,GO:0097730
LOC100579022	GO:0004842,GO:0008270,GO:0016567
LOC100579034	GO:0008023,GO:0042795,GO:0042796,GO:0045945
LOC100579047	GO:0005615,GO:0031012
LOC100579061	GO:0042393
LOC100820634	GO:0005249,GO:0016020,GO:0042391,GO:0071805
LOC101664701	GO:0006629,GO:0008081
LOC102653588	GO:0003723,GO:0004521,GO:0005847,GO:0006378,GO:0006398,GO:0008409
LOC102653655	GO:0004568,GO:0005576,GO:0005975,GO:0006032,GO:0008061
LOC102653727	GO:0005515
LOC102653748	GO:0005125,GO:0005576,GO:0005615,GO:0008083,GO:0060395
LOC102653753	GO:0000724,GO:0003684,GO:0005515,GO:0007095,GO:0030870,GO:0032508
LOC102653759	GO:0003676,GO:0005730,GO:0005737,GO:0008270,GO:0008988,GO:0031167
LOC102653763	GO:0004016,GO:0005737,GO:0009190,GO:0035556
LOC102653793	GO:0003824
LOC102653798	GO:0005886,GO:0072659
LOC102653800	GO:0004970,GO:0005886,GO:0006811,GO:0035249,GO:0045211,GO:0050804,GO:1904315
LOC102653815	GO:0016491
LOC102653858	GO:0004984,GO:0005549,GO:0005886,GO:0007608,GO:0050911
LOC102653961	GO:0005634
LOC102654127	GO:0030425,GO:0031175,GO:0048168
LOC102654206	GO:0008080
LOC102654211	GO:0004768,GO:0005506,GO:0005789,GO:0006636
LOC102654315	GO:0004672,GO:0005524,GO:0006468
LOC102654353	GO:0006486,GO:0016020,GO:0036065,GO:0046920
LOC102654371	GO:0005615,GO:0031012
LOC102654427	GO:0015179,GO:0016020,GO:0035725
LOC102654488	GO:0005737,GO:0016020
LOC102654594	GO:0005515,GO:0005656,GO:0006261,GO:0006364,GO:0097344
LOC102654652	GO:0005515,GO:0007165
LOC102654683	GO:0004161,GO:0004337,GO:0005737,GO:0045337
LOC102654766	GO:0005515
LOC102654776	GO:0000978,GO:0000981,GO:0006357,GO:0048856
LOC102654777	GO:0016020,GO:0022857,GO:0055085
LOC102654783	GO:0005829,GO:0046890
LOC102654959	GO:0000978,GO:0000981,GO:0005634,GO:0006357
LOC102654993	GO:0030317,GO:0031514
LOC102655054	GO:0006470,GO:0008138,GO:0060271
LOC102655072	GO:0005576,GO:0008061
LOC102655073	GO:0000786,GO:0003677,GO:0006334,GO:0030527,GO:0046982
LOC102655100	GO:0005515,GO:0005813
LOC102655131	GO:0005634
LOC102655243	GO:0005515,GO:0006629,GO:0016298
LOC102655306	GO:0005515
LOC102655356	GO:0004930,GO:0005886,GO:0007186
LOC102655388	GO:0005789,GO:0010508,GO:1903070,GO:1904153,GO:1904240
LOC102655466	GO:0003924,GO:0005525,GO:0005737,GO:0005930,GO:0006886,GO:0016192,GO:0060271,GO:0061512
LOC102655622	GO:0016020,GO:0022857,GO:0055085
LOC102655670	GO:0003682,GO:0005634,GO:0019985,GO:0051726
LOC102655712	GO:0004521
LOC102655740	GO:0005741,GO:0005742,GO:0008320,GO:0030150
LOC102655754	GO:0000015,GO:0000287,GO:0004634,GO:0006096
LOC102655814	GO:0003924,GO:0005525
LOC102655896	GO:0003682,GO:0003723,GO:0005654,GO:0005730,GO:0005737,GO:0006338,GO:0042393
LOC102655904	GO:0003899,GO:0005665,GO:0005666,GO:0005736,GO:0006351
LOC102655942	GO:0005929
LOC102655950	GO:0005778,GO:0008270,GO:0016558
LOC102656082	GO:0005524,GO:0007018,GO:0008017,GO:0008574
LOC102656088	GO:0015276,GO:0016020
LOC102656197	GO:0000724,GO:0030374,GO:0032798,GO:0045893
LOC102656337	GO:0000776,GO:0005654,GO:0005737,GO:0007094
LOC102656354	GO:0005515
LOC102656356	GO:0005634
LOC102656398	GO:0004252,GO:0006508
LOC102656444	GO:0000978,GO:0000981,GO:0006355
LOC102656448	GO:0005829,GO:0005975,GO:0006116,GO:0009331,GO:0042803,GO:0046168,GO:0047952,GO:0051287
LOC102656465	GO:0001664,GO:0003924,GO:0005525,GO:0005834,GO:0007188,GO:0031683
LOC102656473	GO:0005886,GO:0031718,GO:2000272
LOC102656548	GO:0004550,GO:0006183,GO:0006228,GO:0006241,GO:1902176
LOC102656567	GO:0004984,GO:0005549,GO:0005886,GO:0007608,GO:0050911
LOC102656570	GO:0047875,GO:0050660
LOC102656618	GO:0005515
LOC102656637	GO:0005515,GO:0005634,GO:0005737
LOC102656656	GO:0004674,GO:0005524,GO:0018105,GO:0018107
LOC102656661	GO:0005634,GO:0006355
LOC102656838	GO:0004984,GO:0005549,GO:0005886,GO:0007608,GO:0050911
LOC102656846	GO:0000079,GO:0005634,GO:0005737,GO:0016538,GO:0044772,GO:0097124
LOC107963961	GO:0000796,GO:0003682,GO:0007076
LOC107963986	GO:0005813,GO:0005814,GO:0005879,GO:0060271
LOC107964024	GO:0000978,GO:0000981,GO:0005634,GO:0006357
LOC107964132	GO:0003341,GO:0005929,GO:0036158
LOC107964212	GO:0018095
LOC107964236	GO:0003723
LOC107964258	GO:0005515
LOC107964319	GO:0005737,GO:0018025
LOC107964335	GO:0004930,GO:0005886,GO:0007186
LOC107964398	GO:0005471,GO:0005743,GO:0140021,GO:1990544
LOC107964502	GO:0016020,GO:0016192
LOC107964838	GO:0016799
LOC107964911	GO:0005615
LOC107964982	GO:0016020,GO:0030424,GO:0030425,GO:0043025,GO:0050909
LOC107965011	GO:0004984,GO:0005549,GO:0005886,GO:0007608,GO:0050911
LOC107965219	GO:0015232,GO:0016020,GO:0020037,GO:0055085,GO:0097037
LOC107965322	GO:0016671
LOC107965338	GO:0016020,GO:0022857,GO:0055085
LOC107965562	GO:0005515
LOC107965828	GO:0008203,GO:0009507,GO:0010277,GO:0015995,GO:0051537
LOC107965854	GO:0000444
LOC107966047	GO:0001669,GO:0031514,GO:0060271
LOC112939925	GO:0004497,GO:0005506,GO:0016705,GO:0020037
LOC113218532	GO:0000977,GO:0000981,GO:0005634,GO:0006357,GO:0009790,GO:0009880,GO:0048619
LOC113218541	GO:0004984,GO:0005549,GO:0005886,GO:0007608,GO:0050911
LOC113218543	GO:0004984,GO:0005549,GO:0005886,GO:0007608,GO:0050911
LOC113218558	GO:0004768,GO:0005506,GO:0005789,GO:0006636
LOC113218562	GO:0004252,GO:0006508
LOC113218565	GO:0005515,GO:0005930,GO:0060271
LOC113218571	GO:0003341,GO:0005930,GO:1904158
LOC113218579	GO:0005886,GO:0038166
LOC113218582	GO:0003723,GO:0003735,GO:0005763,GO:0005840,GO:0006412
LOC113218605	GO:0003779
LOC113218616	GO:0000786,GO:0003677,GO:0006334
LOC113218647	GO:0004965,GO:0007186,GO:0007214,GO:0016020,GO:0038039
LOC113218665	GO:0003341,GO:0005929,GO:0036158
LOC113218709	GO:0003755,GO:0005515
LOC113218763	GO:0005739
LOC113218779	GO:0005515
LOC113218865	GO:0005524,GO:0007018,GO:0008569,GO:0030286,GO:0045505,GO:0051959
LOC113218867	GO:0004674,GO:0005737,GO:0005856,GO:0016459,GO:0018107,GO:0031032
LOC113218939	GO:0005515
LOC113218950	GO:0000931,GO:0005813,GO:0005819,GO:0031021,GO:0033566,GO:0051415,GO:0090307
LOC113219091	GO:0005750,GO:0006122,GO:0009055,GO:0020037
LOC113219092	GO:0000977,GO:0000981,GO:0005634,GO:0006357,GO:0030182
LOC113219203	GO:0004497,GO:0005506,GO:0016705,GO:0020037
LOC113219228	GO:0005515
LOC113219257	GO:0008017,GO:0051225,GO:0070652,GO:1990498
LOC113219265	GO:0004252,GO:0006508
LOC113219412	GO:0008083
LOC406073	GO:0000978,GO:0000981,GO:0005634,GO:0006357
LOC406114	GO:0004556,GO:0005975,GO:0043169
LOC406118	GO:0005515,GO:0043161,GO:0080008
LOC406124	GO:0004890,GO:0005230,GO:0005254,GO:0007165,GO:0007268,GO:0016020,GO:0030594,GO:0042391,GO:0043005,GO:0045202,GO:0050877,GO:1902476
LOC406132	GO:0000786,GO:0003677,GO:0006334,GO:0030527,GO:0046982
LOC406139	GO:0005515
LOC406144	GO:0005576,GO:0042381
LOC406146	GO:0004415,GO:0005975,GO:0006952,GO:0030214
LOC406147	GO:0005515,GO:0016491
LOC406152	GO:0004301,GO:0097176
LOC408272	GO:0008028,GO:0015718,GO:0055085
LOC408278	GO:0004713,GO:0005524,GO:0006468,GO:0007169,GO:0007275,GO:0007409,GO:0033674,GO:0043235
LOC408282	GO:0004649,GO:0005634,GO:0005737,GO:0005975,GO:0006282,GO:0009225,GO:0031056,GO:1990966
LOC408284	GO:0005741,GO:0005742,GO:0008320,GO:0030150
LOC408286	GO:0004591,GO:0005739,GO:0006099,GO:0030976,GO:0045252
LOC408292	GO:0003713,GO:0005515,GO:0005634,GO:0005737,GO:0035329,GO:0045944
LOC408299	GO:0004731,GO:0005737,GO:0009116
LOC408306	GO:0006814,GO:0006885,GO:0015385,GO:0016020,GO:1902600
LOC408310	GO:0005901,GO:0060090,GO:0070836
LOC408320	GO:0005615,GO:0032504
LOC408329	GO:0005615,GO:0032504
LOC408343	GO:0005251,GO:0005515,GO:0008076,GO:0016020,GO:0051260,GO:0071805
LOC408351	GO:0000981,GO:0005634,GO:0006357,GO:0043565
LOC408354	GO:0000978,GO:0000981,GO:0005667,GO:0006357,GO:0008134
LOC408361	GO:0016020,GO:1902936
LOC408371	GO:0003676,GO:0003724,GO:0005524,GO:0005730
LOC408402	GO:0008521,GO:0016020
LOC408405	GO:0005509
LOC408411	GO:0000978,GO:0000981,GO:0006355,GO:0009653,GO:0030154
LOC408414	GO:0005884,GO:0006936,GO:0007015,GO:0051015
LOC408416	GO:0000290,GO:0000932,GO:0003729,GO:0008047,GO:0031087,GO:0043085
LOC408420	GO:0000209,GO:0005515,GO:0017148,GO:0030371,GO:0043161,GO:0046872,GO:0061630
LOC408429	GO:0005515
LOC408435	GO:0000978,GO:0000981,GO:0006357
LOC408444	GO:0003774,GO:0005515,GO:0005524,GO:0005856,GO:0016459
LOC408446	GO:0003994,GO:0005739,GO:0005829,GO:0006099,GO:0051539
LOC408449	GO:0000978,GO:0000981,GO:0005634,GO:0006357
LOC408451	GO:0005509,GO:0005886,GO:0006952,GO:0016175,GO:0042554,GO:0043020
LOC408452	GO:0004497,GO:0005506,GO:0016705,GO:0020037
LOC408453	GO:0004497,GO:0005506,GO:0016705,GO:0020037
LOC408455	GO:0000122,GO:0000978,GO:0001227
LOC408456	GO:0016020,GO:0022857,GO:0055085
LOC408462	GO:0005242,GO:0005886,GO:0034765,GO:1990573
LOC408463	GO:0005242,GO:0005886,GO:0034765,GO:1990573
LOC408474	GO:0000166,GO:0005886,GO:0006196,GO:0008253,GO:0046872
LOC408512	GO:0003688,GO:0005524,GO:0005664,GO:0006270,GO:0016887,GO:0033314
LOC408525	GO:0004888,GO:0007165,GO:0007268,GO:0022848,GO:0034220,GO:0042391,GO:0043005,GO:0045202,GO:0045211,GO:0050877
LOC408528	GO:0005509
LOC408532	GO:0003779,GO:0031032
LOC408539	GO:0005743,GO:0006811,GO:0015075,GO:0022889,GO:0140300
LOC408544	GO:0004720,GO:0005507,GO:0005615,GO:0016020,GO:0018057
LOC408563	GO:0000132,GO:0000242,GO:0000976,GO:0001578,GO:0005516,GO:0005815,GO:0007059,GO:0007099,GO:0008017,GO:0019901,GO:0031116,GO:0035371,GO:0043015,GO:0045893,GO:0046600,GO:0048471,GO:0090266,GO:0097431
LOC408564	GO:0004467,GO:0005324,GO:0005783,GO:0070328
LOC408572	GO:0005515
LOC408576	GO:0005250,GO:0005515,GO:0008076,GO:0016020,GO:0051260,GO:0071805
LOC408583	GO:0005884,GO:0006936,GO:0007015,GO:0051015
LOC408596	GO:0016020,GO:1902936
LOC408604	GO:0005096,GO:0006886,GO:0090630
LOC408622	GO:0004505,GO:0005506,GO:0006559,GO:0006571
LOC408643	GO:0016491
LOC408645	GO:0004970,GO:0005886,GO:0006811,GO:0035249,GO:0045211,GO:0050804,GO:1904315
LOC408646	GO:0008028,GO:0055085
LOC408649	GO:0000700,GO:0003677,GO:0005634,GO:0006285
LOC408650	GO:0005506,GO:0005737,GO:0019310,GO:0050113
LOC408664	GO:0004674,GO:0004713,GO:0005524,GO:0005634,GO:0005737,GO:0018105,GO:0018107
LOC408677	GO:0005814,GO:0005856,GO:0005879,GO:0008017,GO:0034453,GO:0036064,GO:0036126
LOC408680	GO:0005219,GO:0005515,GO:0005790,GO:0006874,GO:0030018,GO:0033017,GO:0034704,GO:0042383,GO:0070588
LOC408690	GO:0005509,GO:0030234
LOC408694	GO:0005509,GO:0005737,GO:0005884,GO:0032432,GO:0051015,GO:0051017,GO:0051639
LOC408695	GO:0005319,GO:0006869
LOC408696	GO:0005319,GO:0006869
LOC408697	GO:0005515,GO:0005737,GO:0005856,GO:0030837
LOC408699	GO:0004114,GO:0007165,GO:0070374
LOC408714	GO:0005515
LOC408715	GO:0043005
LOC408724	GO:0003729,GO:0005634,GO:0006406
LOC408727	GO:0005515
LOC408729	GO:0001641,GO:0007216,GO:0016020,GO:0051966
LOC408741	GO:0003924,GO:0005525,GO:0005768,GO:0005794
LOC408762	GO:0001510,GO:0005634,GO:0005737,GO:0008171,GO:0008173,GO:0030422,GO:0034587
LOC408779	GO:0005198,GO:0005509,GO:0005737,GO:0005856,GO:0005882,GO:0008017,GO:0016020,GO:0042060,GO:0045104
LOC408787	GO:0000030,GO:0005515,GO:0005789,GO:0035269
LOC408788	GO:0008194
LOC408792	GO:0003779,GO:0005198,GO:0005856,GO:0005886
LOC408797	GO:0005509,GO:0007160
LOC408809	GO:0003723,GO:0004143,GO:0007205,GO:0035556,GO:0046339,GO:0046834
LOC408822	GO:0000118,GO:0003714,GO:0005667,GO:0006357,GO:0016575,GO:0045892
LOC408826	GO:0002009,GO:0005509,GO:0007411,GO:0016010,GO:0016011,GO:0016203,GO:0021675,GO:0042383,GO:0043236
LOC408827	GO:0004089,GO:0005737,GO:0008270
LOC408828	GO:0015232,GO:0016020,GO:0020037,GO:0055085,GO:0097037
LOC408830	GO:0004672,GO:0005085,GO:0005515,GO:0005524,GO:0006468
LOC408836	GO:0005178,GO:0007160,GO:0007229,GO:0030055
LOC408841	GO:0005245,GO:0005891
LOC408842	GO:0005634,GO:0005737,GO:0006606,GO:0008139,GO:0031267,GO:0061608
LOC408848	GO:0016936,GO:0030246
LOC408859	GO:0004735,GO:0055129
LOC408862	GO:0004656,GO:0005506,GO:0005515,GO:0005783,GO:0018401,GO:0031418
LOC408875	GO:0009408,GO:0042026,GO:0044183
LOC408890	GO:0003714,GO:0005515,GO:0005634,GO:0005667,GO:0006355,GO:0090090
LOC408896	GO:0001755,GO:0005615,GO:0007411,GO:0030215,GO:0030335,GO:0045499,GO:0048843,GO:0050919,GO:0071526
LOC408898	GO:0005254
LOC408902	GO:0005515,GO:0019005,GO:0031146
LOC408915	GO:0003729
LOC408916	GO:0005515,GO:0005737,GO:0046328
LOC408924	GO:0008270,GO:0008745,GO:0009253
LOC408926	GO:0004866,GO:0005576,GO:0005615
LOC408937	GO:0005509,GO:0005515,GO:0005518,GO:0005615,GO:0048856,GO:0050840
LOC408942	GO:0005789,GO:0005881,GO:0008017,GO:0071782,GO:0071786
LOC408953	GO:0004601,GO:0006979,GO:0020037
LOC408955	GO:0003867,GO:0005739,GO:0009450,GO:0030170
LOC408961	GO:0005319,GO:0006869
LOC408963	GO:0005085,GO:0005886,GO:0007266,GO:0030139,GO:0030424,GO:0043542
LOC408965	GO:0005515,GO:0098887
LOC408971	GO:0003924,GO:0005525,GO:0005768,GO:0005886,GO:0006904,GO:0008021,GO:0009306,GO:0017157,GO:0072659
LOC408972	GO:0005515
LOC408973	GO:0004222,GO:0005886,GO:0016485
LOC408981	GO:0000978,GO:0000981,GO:0005634,GO:0006357
LOC408985	GO:0001750,GO:0004930,GO:0007186,GO:0016020
LOC408987	GO:0005515,GO:0005794,GO:0006892,GO:0016020
LOC408990	GO:0035556,GO:0061630
LOC408991	GO:0004359,GO:0005515,GO:0006537,GO:0006543
LOC408996	GO:0004435,GO:0005509,GO:0006629,GO:0048015
LOC409000	GO:0032589,GO:0050808
LOC409006	GO:0001664,GO:0002031,GO:0005737,GO:0007165
LOC409051	GO:0005515,GO:0005576,GO:0006869,GO:0007165,GO:0008289,GO:0042157
LOC409073	GO:0005337,GO:0005886,GO:0008504,GO:1901642
LOC409074	GO:0033179,GO:0046961,GO:1902600
LOC409079	GO:0000340,GO:0003743,GO:0006413,GO:0016281
LOC409085	GO:0005085,GO:0006887,GO:0070319
LOC409089	GO:0003333,GO:0005774,GO:0015171
LOC409091	GO:0005515,GO:0005886,GO:0007156,GO:0008046,GO:0030424,GO:0043025,GO:0050808
LOC409092	GO:0000932,GO:0003729,GO:0031087,GO:0033962
LOC409095	GO:0000977,GO:0000981,GO:0000987,GO:0005634,GO:0007409,GO:0030182,GO:0045944,GO:0048665
LOC409098	GO:0003677,GO:0005515,GO:0005634,GO:0008270,GO:0010629,GO:0046974,GO:0051567,GO:0070828,GO:0090309
LOC409124	GO:0005615,GO:0030510
LOC409137	GO:0005085,GO:0005829,GO:0032483,GO:0042981
LOC409138	GO:0000149,GO:0001786,GO:0005509,GO:0005544,GO:0006906,GO:0014059,GO:0016020,GO:0017156,GO:0017158,GO:0030276,GO:0030424,GO:0045202,GO:0071277
LOC409141	GO:0008643,GO:0016020,GO:0051119
LOC409153	GO:0000977,GO:0000981,GO:0005634,GO:0006357,GO:0008270
LOC409172	GO:0070006
LOC409199	GO:0004370,GO:0005739,GO:0006071,GO:0006641,GO:0046167
LOC409208	GO:0006884,GO:0008511,GO:0016020,GO:0035725,GO:0055064,GO:0055075,GO:0055078,GO:1902476,GO:1990573
LOC409228	GO:0005044,GO:0005737,GO:0005764,GO:0016020
LOC409235	GO:0005515,GO:0005886,GO:0007156,GO:0008046,GO:0030424,GO:0043025,GO:0050808
LOC409238	GO:0007268,GO:0033130,GO:0043495,GO:0045202
LOC409241	GO:0005515
LOC409286	GO:0004705,GO:0005524,GO:0005634,GO:0005737,GO:0006468,GO:0007254
LOC409316	GO:0007015,GO:0051015
LOC409318	GO:0005509
LOC409353	GO:0000462,GO:0005515,GO:0005730
LOC409364	GO:0003924,GO:0005515,GO:0005525
LOC409367	GO:0005509
LOC409371	GO:0005515,GO:0005930,GO:0030992,GO:0036064,GO:0042073
LOC409378	GO:0007517,GO:0016012,GO:0042383
LOC409384	GO:0005524,GO:0005743,GO:0005759,GO:0008637,GO:0034514,GO:0042026,GO:0045041,GO:0051087,GO:0140662
LOC409396	GO:0003723,GO:0003743,GO:0005737,GO:0008190,GO:0034518,GO:0045727,GO:1901190
LOC409402	GO:0005737,GO:0051015,GO:0051017
LOC409409	GO:0004674,GO:0005524,GO:0005634,GO:0005737,GO:0005929,GO:0006468,GO:0035556,GO:0042073,GO:0060271
LOC409429	GO:0004540,GO:0005737,GO:0005777,GO:0016441,GO:1903231,GO:1905762
LOC409451	GO:0015035
LOC409452	GO:0005975
LOC409457	GO:0005829,GO:0006417,GO:0019887,GO:0034198
LOC409465	GO:0005811,GO:0005829,GO:0010890,GO:0019915
LOC409467	GO:0006814,GO:0015293,GO:0016020,GO:0055085
LOC409468	GO:0004222,GO:0006508
LOC409472	GO:0000289,GO:0000932,GO:0003729,GO:0005515,GO:0006355,GO:0017148,GO:0030371,GO:0043488
LOC409483	GO:0005634,GO:0006355
LOC409493	GO:0000977,GO:0000981,GO:0005634,GO:0006357
LOC409494	GO:0004300,GO:0005739,GO:0006635
LOC409498	GO:0004672,GO:0005524,GO:0006468
LOC409501	GO:0003677,GO:0016514,GO:0042393,GO:0045893
LOC409512	GO:0005886,GO:0007156,GO:0007411,GO:0030424,GO:0070593,GO:0098632
LOC409518	GO:0061709
LOC409525	GO:0005829,GO:0015248,GO:0016020,GO:0032934,GO:0043231
LOC409539	GO:0000226,GO:0008017,GO:0031175,GO:0043005
LOC409557	GO:0005634,GO:0007140,GO:0007283,GO:0034587,GO:0043186,GO:0043565,GO:0045892,GO:0060964
LOC409590	GO:0000086,GO:0004693,GO:0005524,GO:0005634,GO:0006468,GO:0007095,GO:0008353
LOC409594	GO:0050780
LOC409602	GO:0005615,GO:0032504
LOC409619	GO:0005737,GO:0006508,GO:0008270,GO:0042277,GO:0043171,GO:0070006
LOC409626	GO:0004252,GO:0006508
LOC409633	GO:0003924,GO:0005525
LOC409638	GO:0005789,GO:0009922,GO:0019367,GO:0030148,GO:0034625,GO:0034626,GO:0042761
LOC409643	GO:0005737
LOC409646	GO:0005886,GO:0006865,GO:0015171,GO:0055085
LOC409650	GO:0005515,GO:0015347,GO:0016020,GO:0043252,GO:0055085
LOC409655	GO:0005515
LOC409665	GO:0005886,GO:0015629,GO:0051015,GO:0051017
LOC409678	GO:0000976,GO:0005515,GO:0005634,GO:0045944,GO:0097543,GO:1904108
LOC409680	GO:0005515
LOC409681	GO:0002181,GO:0005515,GO:0005844
LOC409697	GO:0030036,GO:0051015
LOC409708	GO:0004348,GO:0006680
LOC409709	GO:0004348,GO:0006680
LOC409715	GO:0006884,GO:0008511,GO:0016020,GO:0035725,GO:0055064,GO:0055075,GO:0055078,GO:1902476,GO:1990573
LOC409721	GO:0009058,GO:0030170,GO:0047536
LOC409733	GO:0000278,GO:0000978,GO:0000981,GO:0005634,GO:0045944
LOC409734	GO:0005543,GO:0005643,GO:0006405,GO:0006606,GO:0017056,GO:0044613
LOC409751	GO:0003993,GO:0052745
LOC409755	GO:0003779,GO:0005737,GO:0005925,GO:0007163,GO:0015629,GO:0030031,GO:0030036,GO:0034446
LOC409762	GO:0005509
LOC409770	GO:0000226,GO:0005524,GO:0005929,GO:0015631,GO:0018095,GO:0046872,GO:0070740
LOC409771	GO:0016020,GO:0022841,GO:0030322,GO:0071805
LOC409778	GO:0000977,GO:0001228,GO:0005634,GO:0005737,GO:0045944
LOC409782	GO:0005509
LOC409784	GO:0008233,GO:0070646
LOC409787	GO:0004674,GO:0005737,GO:0005856,GO:0016459,GO:0018107,GO:0031032
LOC409789	GO:0005615,GO:0005764,GO:0006508,GO:0008234
LOC409807	GO:0004111,GO:0046314
LOC409818	GO:0005432,GO:0007154,GO:0030424,GO:0035725,GO:0042383,GO:0098703,GO:0098794
LOC409820	GO:0005634,GO:0043130,GO:0043161
LOC409821	GO:0004672,GO:0005515,GO:0005524,GO:0006468
LOC409827	GO:0004252,GO:0006508
LOC409835	GO:0004842,GO:0008270,GO:0016567
LOC409843	GO:0003774,GO:0005524,GO:0016459,GO:0051015
LOC409845	GO:0005249,GO:0016020,GO:0042391,GO:0071805
LOC409859	GO:0000076,GO:0000278,GO:0003677,GO:0005634,GO:0030174,GO:0070182,GO:0071163
LOC409865	GO:0005737,GO:0008525,GO:0008526,GO:0015914,GO:0031210,GO:0035091,GO:0046872
LOC409872	GO:0005525,GO:0035091,GO:0045494,GO:0070300
LOC409881	GO:0005509,GO:0005737,GO:0009791,GO:0016460,GO:0032036,GO:0040011
LOC409882	GO:0005634,GO:0006979
LOC409887	GO:0000977,GO:0000981,GO:0005634,GO:0005667,GO:0006357,GO:0051726
LOC409915	GO:0003723,GO:0005634,GO:0006397,GO:0046872
LOC409923	GO:0004222,GO:0005737,GO:0006508,GO:0007155,GO:0016020
LOC409924	GO:0016020,GO:0022857,GO:0055085
LOC409932	GO:0003333,GO:0015179,GO:0016020
LOC409950	GO:0005509
LOC409966	GO:0003924,GO:0005525
LOC409970	GO:0004222,GO:0030198,GO:0031012
LOC409979	GO:0000727,GO:0003697,GO:0005524,GO:0005634,GO:0006260,GO:0006268,GO:0006270,GO:0006271,GO:0016887,GO:0017116,GO:0042555
LOC409999	GO:0006629,GO:0016788
LOC410013	GO:0005509
LOC410015	GO:0000932,GO:0003729,GO:0033962,GO:0034063,GO:1990124
LOC410057	GO:0005737,GO:0006355,GO:0016477,GO:0019900,GO:0035330,GO:0043130,GO:0046621,GO:0060090
LOC410058	GO:0005509,GO:0005859
LOC410087	GO:0009408,GO:0042026,GO:0044183
LOC410091	GO:0003723,GO:0005515,GO:0005829,GO:0006446,GO:0008494
LOC410092	GO:0005789,GO:0015031
LOC410093	GO:0005634,GO:0008156,GO:0045786
LOC410144	GO:0007165
LOC410149	GO:0005615,GO:0006508,GO:0043171,GO:0070573
LOC410151	GO:0000981,GO:0006355,GO:1990837
LOC410166	GO:0003700,GO:0005634,GO:0005789,GO:0016540,GO:0043565,GO:0045893
LOC410167	GO:0008270,GO:0016491
LOC410202	GO:0005929
LOC410204	GO:0001725,GO:0003779,GO:0005912,GO:0030018,GO:0030036,GO:0031941,GO:0051371,GO:0061061
LOC410211	GO:0003712,GO:0005634,GO:0008270,GO:0030018
LOC410219	GO:0003723,GO:0005847,GO:0006378
LOC410222	GO:0000122,GO:0001227
LOC410228	GO:0004674,GO:0005524,GO:0006468
LOC410231	GO:0005515,GO:0007165
LOC410237	GO:0008270,GO:0036435,GO:0061630,GO:0070530,GO:0071797,GO:0097039,GO:1990450
LOC410246	GO:0005042,GO:0005515,GO:0008045,GO:0016020,GO:0038007
LOC410254	GO:0000062,GO:0004361,GO:0005743,GO:0033539,GO:0046949,GO:0050660
LOC410261	GO:0000226,GO:0008017,GO:0035556,GO:0072686
LOC410264	GO:0000049,GO:0002943,GO:0005737,GO:0017150,GO:0050660
LOC410271	GO:0005515
LOC410273	GO:0005524,GO:0140658
LOC410296	GO:0003333,GO:0015179,GO:0016020
LOC410304	GO:0000978,GO:0000981,GO:0005634,GO:0006357,GO:0008270
LOC410317	GO:0005516,GO:0005886,GO:0016286,GO:0043005,GO:0043025,GO:0071805
LOC410326	GO:0000978,GO:0000981,GO:0006357
LOC410332	GO:0001784,GO:0005085,GO:0007264,GO:0033138
LOC410343	GO:0005643,GO:0006606,GO:0016973,GO:0017056
LOC410353	GO:0000381,GO:0003729,GO:0005634,GO:0005737,GO:0006376,GO:1990904
LOC410362	GO:0004500,GO:0005507,GO:0005615,GO:0006589,GO:0030667,GO:0042420,GO:0042421
LOC410365	GO:0005507,GO:0005886,GO:0006826,GO:0016491
LOC410371	GO:0005388,GO:0005524,GO:0006874,GO:0016020,GO:0016887,GO:0070588
LOC410380	GO:0004222,GO:0005886,GO:0016485
LOC410393	GO:0004035,GO:0016311
LOC410398	GO:0003730,GO:0005634,GO:0005737,GO:0005829,GO:0007399,GO:0010468
LOC410402	GO:0004252,GO:0006508
LOC410405	GO:0005506,GO:0005737,GO:0006082,GO:0006805,GO:0016712,GO:0020037,GO:0043231
LOC410415	GO:0003924,GO:0005525,GO:0005886,GO:0007165,GO:0019003
LOC410417	GO:0004725,GO:0005515,GO:0006470
LOC410422	GO:0004146,GO:0005739,GO:0006545,GO:0046452,GO:0046654,GO:0046655,GO:0050661
LOC410424	GO:0004740,GO:0005739,GO:0006468,GO:0010906
LOC410447	GO:0005634,GO:0005737,GO:0006606,GO:0008139,GO:0031267,GO:0061608
LOC410448	GO:0016020,GO:0022857,GO:0055085
LOC410452	GO:0004181,GO:0005615,GO:0006508,GO:0008270
LOC410454	GO:0006814,GO:0015293,GO:0016020,GO:0055085
LOC410462	GO:0004842,GO:0043130,GO:0043161,GO:0071797,GO:0097039
LOC410465	GO:0005886,GO:0006937,GO:0015459,GO:0043266,GO:0055120
LOC410467	GO:0005576,GO:0030414
LOC410468	GO:0000978,GO:0000981,GO:0005634,GO:0006357,GO:0009952,GO:0046983,GO:0050767
LOC410499	GO:0000978,GO:0000981,GO:0006357,GO:0048856
LOC410501	GO:0005515
LOC410502	GO:0000124,GO:0003712,GO:0005515,GO:0005634,GO:0006281,GO:0006355,GO:0035267
LOC410515	GO:0004601,GO:0006979,GO:0020037
LOC410517	GO:0004674,GO:0005794,GO:0006468
LOC410520	GO:0016491
LOC410535	GO:0000978,GO:0000981,GO:0005524,GO:0005634,GO:0006355
LOC410537	GO:0000978,GO:0000981,GO:0005524,GO:0005634,GO:0006355
LOC410539	GO:0000166,GO:0005886,GO:0006196,GO:0008253,GO:0046872
LOC410549	GO:0005634,GO:0010468
LOC410550	GO:0004047,GO:0005515,GO:0005739,GO:0006546
LOC410554	GO:0004485,GO:0005739,GO:0006552,GO:1905202
LOC410561	GO:0003924,GO:0005525
LOC410562	GO:0004674,GO:0005524,GO:0018105,GO:0018107
LOC410577	GO:0016787
LOC410578	GO:0015187,GO:0016020,GO:0035725
LOC410580	GO:0003730,GO:0005634,GO:0005844,GO:0007417,GO:0008089,GO:0014069,GO:0016020,GO:0017148,GO:0030424,GO:0042803,GO:0043025,GO:0043197,GO:0043488,GO:0045182,GO:0045727,GO:0048814,GO:0060998,GO:0071598,GO:0099578,GO:1905244
LOC410583	GO:0004587,GO:0005737,GO:0010121,GO:0019544,GO:0030170,GO:0042802
LOC410604	GO:0000159,GO:0005515,GO:0005829,GO:0019888,GO:0070262
LOC410614	GO:0000226,GO:0000278,GO:0005200,GO:0005525,GO:0005737,GO:0005874
LOC410620	GO:0005524,GO:0005634,GO:0005737,GO:0005829,GO:0005886,GO:0016192,GO:0016887,GO:0031072,GO:0034620,GO:0042026,GO:0051082,GO:0051085,GO:0051787,GO:0140662
LOC410623	GO:0006811,GO:0015276,GO:0016020,GO:0038023
LOC410624	GO:0004252,GO:0006508
LOC410638	GO:0004058,GO:0006520,GO:0006584,GO:0030170,GO:0042427
LOC410639	GO:0004058,GO:0006520,GO:0006584,GO:0030170
LOC410642	GO:0000978,GO:0000981,GO:0005634,GO:0006357
LOC410643	GO:0000122,GO:0000978,GO:0000981,GO:0005634,GO:0009952
LOC410648	GO:0000981,GO:0003677,GO:0006355
LOC410655	GO:0043005
LOC410658	GO:0000977,GO:0000981,GO:0005634,GO:0006357,GO:0030182
LOC410662	GO:0043005
LOC410664	GO:0005634,GO:0005829,GO:0006355,GO:0008469,GO:0034969,GO:0035246
LOC410683	GO:0006814,GO:0015293,GO:0016020,GO:0055085
LOC410684	GO:0000978,GO:0000981,GO:0005634,GO:0006357
LOC410685	GO:0004672,GO:0005524,GO:0005886,GO:0006468,GO:0007156,GO:0007411,GO:0030424,GO:0070593,GO:0098632
LOC410694	GO:0000978,GO:0000981,GO:0006357
LOC410696	GO:0004222,GO:0030198,GO:0031012
LOC410705	GO:0016020,GO:0022857,GO:0055085
LOC410723	GO:0000978,GO:0000981,GO:0006355
LOC410729	GO:0006508,GO:0008239,GO:0070008
LOC410736	GO:0016747
LOC410741	GO:0003333,GO:0005774,GO:0015171
LOC410743	GO:0016614,GO:0050660
LOC410744	GO:0016614,GO:0050660
LOC410747	GO:0016614,GO:0050660
LOC410748	GO:0016614,GO:0050660
LOC410751	GO:0006629,GO:0016298
LOC410752	GO:0005313,GO:0005326,GO:0006820,GO:0030672,GO:0035249,GO:0050803,GO:0055085,GO:0060076,GO:0098700
LOC410755	GO:0004930,GO:0016020,GO:0071880
LOC410757	GO:0000978,GO:0000981,GO:0005634,GO:0005737,GO:0006357,GO:0032922,GO:0046983,GO:1990513
LOC410761	GO:0000122,GO:0000978,GO:0000981,GO:0005634,GO:0005667,GO:0030514,GO:0046332
LOC410765	GO:0008413,GO:0042262
LOC410771	GO:0005515
LOC410776	GO:0005125,GO:0005576,GO:0005615,GO:0008083,GO:0030509,GO:0060395
LOC410788	GO:0004970,GO:0005886,GO:0006811,GO:0035249,GO:0045211,GO:0050804,GO:1904315
LOC410795	GO:0004555,GO:0005993
LOC410802	GO:0000978,GO:0000981,GO:0005634,GO:0006357,GO:0046983
LOC410805	GO:0016020,GO:0022841,GO:0030322,GO:0071805
LOC410821	GO:0016020
LOC410823	GO:0005515,GO:0006828,GO:0015279,GO:0016020,GO:0034703,GO:0051480,GO:0070588,GO:0070679
LOC410824	GO:0004867,GO:0007155,GO:0031012
LOC410828	GO:0004833,GO:0019441,GO:0019442,GO:0020037,GO:0046872
LOC410852	GO:0001540,GO:0005634,GO:0005737,GO:0006355,GO:0008134
LOC410857	GO:0009408,GO:0042026,GO:0044183
LOC410860	GO:0005764,GO:0007040,GO:0016020,GO:0051453
LOC410863	GO:0000003,GO:0003677,GO:0005654,GO:0006351,GO:0006357,GO:0017053,GO:0051726
LOC410866	GO:0003713,GO:0005634,GO:0045944,GO:0140297
LOC410872	GO:0005737,GO:0016925,GO:0019948,GO:0031510
LOC410875	GO:0000460,GO:0000470,GO:0005730,GO:0030687,GO:0042134
LOC410876	GO:0003723,GO:0016423,GO:0030488
LOC410879	GO:0005515,GO:0030515,GO:0032040
LOC410882	GO:0000978,GO:0000981,GO:0005634,GO:0006357,GO:0008270
LOC410888	GO:0043005
LOC410891	GO:0016020
LOC410915	GO:0005886,GO:0015250,GO:0055085
LOC410920	GO:0006820,GO:0022857,GO:0055085
LOC410925	GO:0003700,GO:0006355,GO:0008270,GO:0043565
LOC410926	GO:0005515
LOC410943	GO:0003924,GO:0005525
LOC410947	GO:0006520,GO:0016831,GO:0030170
LOC410956	GO:0004707,GO:0005524,GO:0005634,GO:0005737,GO:0006468,GO:0035556
LOC410967	GO:0005524,GO:0005886,GO:0016887,GO:0140359
LOC410972	GO:0005643,GO:0006607,GO:0006999,GO:0017056,GO:0036228,GO:0044613
LOC410973	GO:0003712,GO:0006357,GO:0016592
LOC410982	GO:0005044,GO:0005737,GO:0016020
LOC410994	GO:0000226,GO:0000278,GO:0003924,GO:0005200,GO:0005525,GO:0005737,GO:0005874
LOC410996	GO:0000226,GO:0000278,GO:0003924,GO:0005200,GO:0005525,GO:0005737,GO:0005874
LOC410997	GO:0016020,GO:0022857,GO:0055085
LOC410999	GO:0003973,GO:0047545
LOC411023	GO:0005509,GO:0005886,GO:0005911,GO:0007156
LOC411037	GO:0000977,GO:0000981,GO:0005634,GO:0006357
LOC411054	GO:0005794
LOC411080	GO:0004674,GO:0005524,GO:0005634,GO:0018105,GO:0035556
LOC411083	GO:0005391,GO:0005524,GO:0006883,GO:0016020,GO:0016887,GO:0030007,GO:0036376,GO:1902600,GO:1990573
LOC411086	GO:0005112,GO:0005509,GO:0005886,GO:0007154,GO:0007157,GO:0007219,GO:0007275,GO:0032991,GO:0045197
LOC411090	GO:0036211
LOC411091	GO:0003723
LOC411100	GO:0005975,GO:0016301,GO:0016773
LOC411114	GO:0005484,GO:0005886,GO:0006887,GO:0016082,GO:0019905,GO:0031201,GO:0031629
LOC411150	GO:0005634,GO:0006334,GO:0033186
LOC411159	GO:0007605
LOC411186	GO:0016020,GO:0022857,GO:0055085
LOC411189	GO:0016616,GO:0019752
LOC411201	GO:0005518,GO:0005524,GO:0006468,GO:0007169,GO:0007275,GO:0033674,GO:0038062,GO:0043235
LOC411202	GO:0016491
LOC411207	GO:0000978,GO:0000981,GO:0006351,GO:0006357
LOC411213	GO:0005518,GO:0005524,GO:0006468,GO:0007169,GO:0007275,GO:0033674,GO:0038062,GO:0043235
LOC411214	GO:0005515,GO:0051260
LOC411218	GO:0005681,GO:0045292
LOC411220	GO:0004970,GO:0005886,GO:0035249,GO:0045211,GO:0050804,GO:1904315
LOC411238	GO:0000122,GO:0005634,GO:0005667,GO:0007399,GO:0030274,GO:0045944
LOC411248	GO:0004867
LOC411250	GO:0003723,GO:0003724,GO:0005524,GO:0005634,GO:0005737,GO:1990904
LOC411253	GO:0016020
LOC411270	GO:0004674,GO:0005524,GO:0006468
LOC411279	GO:0006302,GO:0006355,GO:0031011
LOC411282	GO:0006915,GO:0042981
LOC411285	GO:0005634,GO:0005737,GO:0008307,GO:0030018,GO:0042805,GO:0045214,GO:0060537
LOC411288	GO:0004115,GO:0005634,GO:0005829,GO:0007165,GO:0048471
LOC411290	GO:0005942,GO:0035556,GO:0046854,GO:0046935
LOC411291	GO:0005515
LOC411297	GO:0005009,GO:0005524,GO:0005899,GO:0006468,GO:0007169,GO:0007275,GO:0030424,GO:0033674,GO:0042593,GO:0043410,GO:0043560,GO:0051897
LOC411304	GO:0005739,GO:0016491
LOC411315	GO:0000981,GO:0005634,GO:0006357,GO:1990837
LOC411344	GO:0007155,GO:0030198,GO:0031012,GO:0050839
LOC411345	GO:0043005
LOC411365	GO:0005975,GO:0006688,GO:0033207,GO:0033842
LOC411373	GO:0000978,GO:0000981,GO:0006357,GO:0048856
LOC411374	GO:0000978,GO:0000981,GO:0006357,GO:0048856
LOC411396	GO:0004222,GO:0005886,GO:0016485
LOC411407	GO:0003723,GO:0004826,GO:0005515,GO:0006432
LOC411412	GO:0008028,GO:0015718,GO:0055085
LOC411450	GO:0003723,GO:0003724,GO:0005524
LOC411452	GO:0005856
LOC411490	GO:0004563,GO:0005975,GO:0006689,GO:0016020,GO:0030203
LOC411502	GO:0005509,GO:0005515,GO:0005604,GO:0005615,GO:0008201,GO:0030198,GO:0050840
LOC411525	GO:0004103,GO:0004305,GO:0005737,GO:0006646,GO:0006657
LOC411529	GO:0000226,GO:0004674,GO:0005524,GO:0005737,GO:0006468,GO:0035556,GO:0050321
LOC411564	GO:0016747
LOC411568	GO:0005730,GO:0032453,GO:0034720,GO:0051864,GO:0070544
LOC411569	GO:0005515
LOC411597	GO:0005515,GO:0005576,GO:0005615,GO:0008061,GO:0030414,GO:0031012
LOC411609	GO:0006629,GO:0016298
LOC411619	GO:0000795,GO:0003682,GO:0005515,GO:0007064,GO:0007130,GO:0008278,GO:1990414
LOC411658	GO:0000124,GO:0003713,GO:0006357
LOC411664	GO:0030431,GO:0032222,GO:1903818
LOC411670	GO:0005515
LOC411672	GO:0001607,GO:0005886,GO:0007218
LOC411673	GO:0005886,GO:0008270,GO:0045202,GO:0099536
LOC411677	GO:0005743,GO:0006850
LOC411685	GO:0005324,GO:0005524,GO:0005778,GO:0006635,GO:0007031,GO:0015910,GO:0016887,GO:0042760,GO:0140359
LOC411691	GO:0008270,GO:0009056
LOC411692	GO:0005789,GO:0009922,GO:0019367,GO:0030148,GO:0034625,GO:0034626,GO:0042761
LOC411693	GO:0005509
LOC411706	GO:0004620,GO:0006644
LOC411712	GO:0003677,GO:0003700,GO:0005737,GO:0006355,GO:0006954,GO:0007249,GO:0033554,GO:0034097,GO:0038061,GO:0045087
LOC411725	GO:0005634,GO:0015630,GO:0060271,GO:0060294
LOC411729	GO:0016020,GO:0035725
LOC411732	GO:0005267,GO:0016020,GO:0042802,GO:0071805
LOC411738	GO:0004930,GO:0005515,GO:0007186,GO:0016020,GO:0016500
LOC411764	GO:0005254
LOC411794	GO:0000289,GO:0000932,GO:0005634,GO:0006355,GO:0030015
LOC411805	GO:0004842,GO:0005515,GO:0016567
LOC411809	GO:0000287,GO:0019509,GO:0043874
LOC411811	GO:0000822,GO:0005737,GO:0005794,GO:0005886,GO:0006817,GO:0015114,GO:0016036
LOC411813	GO:0004471,GO:0004473,GO:0005739,GO:0006090,GO:0006108,GO:0051287
LOC411833	GO:0003723,GO:0005634,GO:0005829,GO:0006396,GO:0010494,GO:0045727,GO:1990904
LOC411837	GO:0005829,GO:0008296
LOC411845	GO:0005515
LOC411863	GO:0016491
LOC411871	GO:0004674,GO:0004712,GO:0005524,GO:0005634,GO:0018105,GO:0018107
LOC411907	GO:0000900,GO:0003730,GO:0005634,GO:0005737,GO:0008135,GO:0043005,GO:0043022,GO:0045202,GO:1990124,GO:2000766
LOC411918	GO:0005643,GO:0006999,GO:0017056,GO:0044611
LOC411919	GO:0005109,GO:0005125,GO:0005576,GO:0005615,GO:0007275,GO:0030182,GO:0045165,GO:0046330,GO:0060070
LOC411958	GO:0016020,GO:0022841,GO:0030322,GO:0071805
LOC411968	GO:0005515
LOC411970	GO:0005794,GO:0007165
LOC411978	GO:0005975,GO:0008422
LOC411997	GO:0005524,GO:0005886,GO:0016887,GO:0140359
LOC412007	GO:0016020,GO:0022857,GO:0055085
LOC412027	GO:0005515,GO:0042799
LOC412031	GO:0005515,GO:0019005,GO:0031146
LOC412035	GO:0000278,GO:0000779,GO:0005634,GO:0007076,GO:0010032,GO:0042393
LOC412056	GO:0016020,GO:0022857,GO:0055085
LOC412074	GO:0005524,GO:0006874,GO:0015203,GO:0016020,GO:0016887,GO:0140358,GO:1902047
LOC412077	GO:0016514,GO:0016922,GO:0031492,GO:0045892
LOC412080	GO:0007015,GO:0051015
LOC412081	GO:0005515,GO:0016020,GO:0035725
LOC412088	GO:0005576,GO:0008061
LOC412099	GO:0005789,GO:0005886,GO:0032366,GO:0032934,GO:0120015,GO:0140268
LOC412109	GO:0005856
LOC412131	GO:0003777,GO:0005524,GO:0007018,GO:0007052,GO:0008017
LOC412163	GO:0004032,GO:0005829
LOC412197	GO:0009408,GO:0042026,GO:0044183
LOC412209	GO:0004497,GO:0005506,GO:0016705,GO:0020037
LOC412220	GO:0005886,GO:0006820,GO:0022857,GO:0055085
LOC412222	GO:0007155,GO:0030198,GO:0031012,GO:0050839
LOC412263	GO:0005737,GO:0006508,GO:0008270,GO:0042277,GO:0043171,GO:0070006
LOC412271	GO:0004672,GO:0005524,GO:0005876,GO:0006468,GO:0007052,GO:0031616,GO:0032133,GO:0032465,GO:0051233
LOC412279	GO:0005615,GO:0062023
LOC412314	GO:0071013
LOC412319	GO:0004252,GO:0005509,GO:0016020
LOC412328	GO:0005747,GO:0006120
LOC412339	GO:0004693,GO:0005524,GO:0005634,GO:0005675,GO:0005737,GO:0006468,GO:0008353,GO:0045944,GO:0070985
LOC412348	GO:0003712,GO:0008134,GO:0016592,GO:0045944
LOC412382	GO:0005313,GO:0005886,GO:0015175,GO:0015501,GO:0015813
LOC412430	GO:0016020,GO:0022857
LOC412431	GO:0005886,GO:0051180,GO:0055085,GO:0090482
LOC412472	GO:0005515,GO:0005634,GO:0007095,GO:0030674,GO:0043161
LOC412476	GO:0005515
LOC412480	GO:0005634,GO:0006364,GO:0030687,GO:0030688
LOC412508	GO:0005643,GO:0006406,GO:0006606,GO:0017056
LOC412510	GO:0004519,GO:0005515
LOC412569	GO:0004591,GO:0006099,GO:0030976
LOC412570	GO:0004983,GO:0007186,GO:0016020
LOC412580	GO:0005634,GO:0016274,GO:0018216
LOC412606	GO:0003677,GO:0005524,GO:0005634,GO:0016887
LOC412616	GO:0005515,GO:0051260
LOC412637	GO:0003729,GO:0005515
LOC412647	GO:0003924,GO:0005525,GO:0005940,GO:0008021,GO:0015630,GO:0017157,GO:0031105,GO:0032153,GO:0060090,GO:0061640
LOC412650	GO:0005515,GO:0030991,GO:0035721,GO:0061512
LOC412745	GO:0005509,GO:0005813,GO:0034454
LOC412763	GO:0004252,GO:0005515,GO:0005886,GO:0006508
LOC412764	GO:0022857,GO:0055085
LOC412767	GO:0005615,GO:0032504
LOC412768	GO:0005615,GO:0032504
LOC412769	GO:0006388,GO:0072669
LOC412770	GO:0000978,GO:0000981,GO:0006357,GO:0046983,GO:0090575
LOC412774	GO:0004601,GO:0006979,GO:0020037
LOC412775	GO:0005524,GO:0007018,GO:0008569,GO:0016887,GO:0030286,GO:0045505,GO:0051959
LOC412787	GO:0005789,GO:0035437,GO:0036064,GO:0045724
LOC412808	GO:0005737,GO:0006508,GO:0008270,GO:0042277,GO:0043171,GO:0070006
LOC412810	GO:0000220,GO:0005886,GO:0007035,GO:0016471,GO:0046961,GO:0051117,GO:1902600
LOC412818	GO:0004972,GO:0005886,GO:0006811,GO:0035249,GO:0045211,GO:0050804,GO:1904315
LOC412825	GO:0005112,GO:0005509,GO:0007219
LOC412827	GO:0016020,GO:0031514,GO:0034464,GO:0036064,GO:0043005,GO:1905515
LOC412832	GO:0005515,GO:0005524,GO:0005694,GO:0016887,GO:0051276
LOC412837	GO:0003723,GO:0004523,GO:0006298,GO:0032299,GO:0043137
LOC412838	GO:0000139,GO:0004559,GO:0006013,GO:0006491,GO:0006517,GO:0030246
LOC412839	GO:0000978,GO:0000981,GO:0005634,GO:0006357,GO:0030182,GO:0048468
LOC412843	GO:0004613,GO:0005525,GO:0005829,GO:0006094,GO:0019543,GO:0030145,GO:0032869,GO:0042594,GO:0046327,GO:0070365,GO:0071333,GO:0071549
LOC412853	GO:0003730,GO:0005515,GO:0008270,GO:0017148,GO:0030371
LOC412855	GO:0005886,GO:0007156,GO:0007411,GO:0030424,GO:0070593,GO:0098632
LOC412858	GO:0005515
LOC412862	GO:0005515
LOC412876	GO:0004736,GO:0005524,GO:0005737,GO:0006090,GO:0006094,GO:0046872
LOC412878	GO:0003677,GO:0005634,GO:0006211,GO:0008270,GO:0045944,GO:0070579,GO:0070989,GO:0080111
LOC412886	GO:0000226,GO:0000278,GO:0005200,GO:0005525,GO:0005737,GO:0005874
LOC412898	GO:0005507,GO:0005576,GO:0006518,GO:0016020,GO:0016715
LOC412914	GO:0000159,GO:0005509,GO:0006470,GO:0019888
LOC412925	GO:0016020,GO:0022857,GO:0055085
LOC412948	GO:0004349,GO:0004350,GO:0005524,GO:0005737,GO:0005739,GO:0006561
LOC412955	GO:0003677,GO:0005515,GO:0005634,GO:0006357
LOC412959	GO:0005515
LOC412960	GO:0004725,GO:0006470
LOC412968	GO:0005515
LOC412986	GO:0005777,GO:0035336,GO:0080019
LOC412994	GO:0004989,GO:0016020,GO:0071880
LOC412996	GO:0005737,GO:0008146,GO:0051923
LOC413020	GO:0016020,GO:0022841,GO:0030322,GO:0071805
LOC413024	GO:0050998
LOC413034	GO:0003924,GO:0005515,GO:0005525,GO:0007264
LOC413040	GO:0004930,GO:0007186,GO:0016020,GO:0042277
LOC413043	GO:0008194
LOC413048	GO:0000103,GO:0004020,GO:0004781,GO:0005524,GO:0050428
LOC413060	GO:0000981,GO:0005634,GO:0006357,GO:0030154,GO:0043565
LOC413064	GO:0000727,GO:0003697,GO:0005524,GO:0005634,GO:0006268,GO:0006270,GO:0042555,GO:1902969,GO:1990518
LOC413071	GO:0004143,GO:0005515,GO:0007205,GO:0035556,GO:0046339,GO:0046834
LOC413106	GO:0016020,GO:0022841,GO:0030322,GO:0071805
LOC413108	GO:0003723,GO:0005515,GO:0005685,GO:0045292,GO:0071004
LOC413112	GO:0000287,GO:0004743,GO:0005737,GO:0006096,GO:0030955
LOC413113	GO:0008010,GO:0062129
LOC413166	GO:0005813,GO:0034453
LOC413184	GO:0000398,GO:0071006
LOC413190	GO:0004674,GO:0005524,GO:0005634,GO:0006468,GO:0035556,GO:0043065
LOC413200	GO:0005007,GO:0005524,GO:0006468,GO:0007275,GO:0008284,GO:0008543,GO:0016020,GO:0033674,GO:0043235
LOC413204	GO:0005884,GO:0006936,GO:0007015,GO:0051015
LOC413209	GO:0005829,GO:0006450,GO:0030544,GO:0043022,GO:0051083
LOC413213	GO:0000226,GO:0005929,GO:0015631,GO:0018095,GO:0070740
LOC413261	GO:0000278,GO:0000922,GO:0004674,GO:0005515,GO:0005524,GO:0005634,GO:0005737,GO:0005813,GO:0006468,GO:0032465
LOC413264	GO:0005739,GO:0006629
LOC413265	GO:0003735,GO:0005216,GO:0005515,GO:0005840,GO:0006412,GO:0006811,GO:0016020,GO:0055085
LOC413267	GO:0005737,GO:0070286
LOC413274	GO:0004252,GO:0004383,GO:0006182,GO:0006508,GO:0008074,GO:0019826,GO:0020037,GO:0038060,GO:0070482
LOC413285	GO:0003676,GO:0008270
LOC413286	GO:0004693,GO:0004707,GO:0005524,GO:0005634,GO:0005737,GO:0006468,GO:0035556
LOC413294	GO:0008272,GO:0015116,GO:0015117,GO:0015131,GO:0015140,GO:0015141,GO:0015297,GO:0015709,GO:0015729,GO:0035435,GO:0071422,GO:0071423
LOC413310	GO:0005515,GO:0071949
LOC413314	GO:0005515,GO:0098609
LOC413324	GO:0005576,GO:0005975,GO:0006032,GO:0008061
LOC413333	GO:0005911,GO:0050839,GO:0098609
LOC413343	GO:0005515,GO:0031080
LOC413379	GO:0005576
LOC413380	GO:0005576
LOC413382	GO:0005515
LOC413386	GO:0006629,GO:0016298
LOC413399	GO:0008270,GO:0031462
LOC413411	GO:0004438,GO:0016311
LOC413416	GO:0003723,GO:0005515,GO:0005737
LOC413418	GO:0005515,GO:0005524,GO:0005694,GO:0007076,GO:0016887
LOC413428	GO:0006886,GO:0008021,GO:0030100,GO:0030122,GO:0035615,GO:0048488,GO:0072583
LOC413448	GO:0004672,GO:0005524,GO:0006468,GO:0007165
LOC413471	GO:0005391,GO:0005524,GO:0006883,GO:0016020,GO:0016887,GO:0030007,GO:0036376,GO:1902600,GO:1990573
LOC413478	GO:0046592
LOC413481	GO:0004553,GO:0005576,GO:0005975,GO:0006032,GO:0008061
LOC413490	GO:0016020,GO:1902936
LOC413500	GO:0005109,GO:0005125,GO:0005576,GO:0005615,GO:0007275,GO:0030182,GO:0045165,GO:0060070
LOC413501	GO:0005109,GO:0005125,GO:0005576,GO:0005615,GO:0007275,GO:0030182,GO:0045165,GO:0060070
LOC413527	GO:0007186,GO:0008528,GO:0016020
LOC413532	GO:0006629,GO:0016298
LOC413545	GO:0000993,GO:0003682,GO:0005634,GO:0010390,GO:0010506,GO:1904263
LOC413549	GO:0030206,GO:0032580,GO:0047238
LOC413555	GO:0043005
LOC413562	GO:0005085,GO:0005515,GO:0030036
LOC413568	GO:0004930,GO:0007186,GO:0016020
LOC413569	GO:0004725,GO:0005515,GO:0006470
LOC413575	GO:0008643,GO:0016020,GO:0051119,GO:0055085
LOC413591	GO:0000122,GO:0003714,GO:0005654,GO:0005730,GO:0030690,GO:0030691,GO:0035067,GO:0042273,GO:0042393
LOC413594	GO:0008126,GO:0036126,GO:0043401,GO:0046464,GO:0047372,GO:0048240,GO:0051792,GO:0051793,GO:0097524
LOC413633	GO:0000226,GO:0004674,GO:0005524,GO:0005737,GO:0006468,GO:0035556,GO:0050321
LOC413667	GO:0000079,GO:0000307,GO:0005634,GO:0005737,GO:0005813,GO:0016538,GO:0044772
LOC413668	GO:0043231,GO:1901981
LOC413669	GO:0005515,GO:0005912,GO:0014069,GO:0045211,GO:0098887,GO:0098968
LOC413670	GO:0005515,GO:0019005,GO:0031146,GO:0031398
LOC413675	GO:0000973,GO:0005643,GO:0006355,GO:0006406,GO:0006606,GO:0017056,GO:0031080
LOC413676	GO:0005886,GO:0030659
LOC413688	GO:0005634,GO:0005666,GO:0006351
LOC413691	GO:0000793,GO:0000796,GO:0005737,GO:0007076
LOC413739	GO:0016020,GO:0022857,GO:0055085
LOC413749	GO:0004867,GO:0005615
LOC413759	GO:0004672,GO:0005524,GO:0006468
LOC413796	GO:0004825,GO:0005524,GO:0005829,GO:0006431,GO:0017101
LOC413805	GO:0000495,GO:0003723,GO:0009982,GO:0031118,GO:0031120,GO:0031429,GO:1990481
LOC413816	GO:0015116,GO:0016020,GO:0055085
LOC413821	GO:0000122,GO:0070822
LOC413833	GO:0004497,GO:0005506,GO:0016705,GO:0020037
LOC413844	GO:0005524,GO:0005886,GO:0016887,GO:0140359
LOC413892	GO:0005515,GO:0005634,GO:0005737,GO:2000812
LOC413914	GO:0008146,GO:0016020,GO:0016051
LOC413924	GO:0006006,GO:0016620,GO:0050661,GO:0051287
LOC413935	GO:0030515,GO:0031428,GO:0032040
LOC413946	GO:0000978,GO:0000981,GO:0030154,GO:0042826,GO:0045944,GO:0046983
LOC413964	GO:0004674,GO:0005524,GO:0005634,GO:0005737,GO:0006468,GO:0007095,GO:0035861
LOC414017	GO:0005737,GO:0005813,GO:0008017,GO:0030705,GO:0031122,GO:0051959
LOC414029	GO:0005319,GO:0005524,GO:0006869,GO:0016020,GO:0016887,GO:0043231,GO:0055085,GO:0140359
LOC414032	GO:0000226,GO:0005929,GO:0015631,GO:0018095,GO:0070740
LOC550671	GO:0004252,GO:0006508
LOC550687	GO:0004029
LOC550691	GO:0005886,GO:0006820,GO:0022857,GO:0055085
LOC550692	GO:0003677,GO:0006352,GO:0016251
LOC550749	GO:0004329,GO:0004477,GO:0004488,GO:0005524,GO:0005829,GO:0035999
LOC550785	GO:0004332,GO:0005829,GO:0006096,GO:0030388
LOC550804	GO:0004802,GO:0030976
LOC550870	GO:0001784
LOC550915	GO:0005743,GO:0006811,GO:0015075,GO:0022889,GO:0140300
LOC550941	GO:0005524,GO:0016020,GO:0016887,GO:0140359
LOC550962	GO:0003677,GO:0005634,GO:0006298,GO:0006310,GO:0017108,GO:0035312,GO:0046872
LOC551005	GO:0001678,GO:0004340,GO:0005524,GO:0005536,GO:0005739,GO:0005829,GO:0006096,GO:0008865,GO:0019158,GO:0051156
LOC551008	GO:0000077,GO:0005634,GO:0006281,GO:0008408,GO:0030896
LOC551028	GO:0004497,GO:0005506,GO:0016705,GO:0020037
LOC551033	GO:0000289,GO:0003723,GO:0004535,GO:0005737,GO:0005783
LOC551044	GO:0016614,GO:0050660
LOC551080	GO:0005765,GO:0015184,GO:0015811
LOC551083	GO:0001522,GO:0003723,GO:0006396,GO:0009982
LOC551086	GO:0005515,GO:0005634,GO:0006357
LOC551109	GO:0005524,GO:0005634,GO:0005876,GO:0007018,GO:0008017,GO:0008574,GO:0090307
LOC551123	GO:0003723,GO:0005737,GO:0005844
LOC551137	GO:0008506,GO:0016020,GO:0055085
LOC551153	GO:0003677,GO:0003906,GO:0004519,GO:0005634,GO:0006284,GO:0008081,GO:0008311
LOC551170	GO:0005509,GO:0005576,GO:0005634,GO:0008270,GO:0030414
LOC551176	GO:0000281
LOC551207	GO:0005634,GO:0008420
LOC551208	GO:0005739,GO:0006574,GO:0008442,GO:0050661,GO:0051287
LOC551219	GO:0003684,GO:0003887,GO:0019985
LOC551223	GO:0005506,GO:0005737,GO:0006082,GO:0006805,GO:0016712,GO:0020037,GO:0043231
LOC551241	GO:0005347,GO:0005778,GO:0015217,GO:0015228,GO:0015230,GO:0044610,GO:0051724,GO:0080122
LOC551259	GO:0005515
LOC551263	GO:0008028,GO:0015718,GO:0055085
LOC551268	GO:0016298
LOC551272	GO:0001726,GO:0005178,GO:0005200,GO:0005856,GO:0005886,GO:0005925,GO:0051015,GO:0098609
LOC551280	GO:0007270,GO:0007274,GO:0042734,GO:0070073
LOC551320	GO:0005886,GO:0030054,GO:0035332
LOC551323	GO:0005515,GO:0005576,GO:0005975,GO:0008061
LOC551329	GO:0005524,GO:0005739,GO:0007005,GO:0008270,GO:0016887
LOC551340	GO:0000978,GO:0000981,GO:0005515,GO:0006357
LOC551356	GO:0005640,GO:0005737,GO:0007097,GO:0034993,GO:0051015
LOC551360	GO:0000978,GO:0003700,GO:0005515,GO:0005634,GO:0006357
LOC551364	GO:0000978,GO:0000981,GO:0005634,GO:0005667,GO:0006357
LOC551369	GO:0000281
LOC551373	GO:0004382,GO:0009134,GO:0016020,GO:0045134
LOC551400	GO:0005730
LOC551405	GO:0005737,GO:0016791
LOC551406	GO:0000122,GO:0003677,GO:0005730,GO:0006364
LOC551428	GO:0016020,GO:0022857,GO:0055085
LOC551433	GO:0071944
LOC551458	GO:0005515
LOC551465	GO:0004411,GO:0005737,GO:0006559,GO:0006570
LOC551484	GO:0006685,GO:0046475,GO:0046513,GO:0050290
LOC551494	GO:0007271,GO:0034394,GO:0043005,GO:0043025,GO:0043231
LOC551509	GO:0004843,GO:0016579
LOC551513	GO:0004674,GO:0005737,GO:0005856,GO:0018107,GO:0031032
LOC551514	GO:0004252,GO:0005515,GO:0005886,GO:0006508
LOC551527	GO:0004768,GO:0005506,GO:0005789,GO:0006636
LOC551533	GO:0004733,GO:0008615,GO:0010181,GO:0042823
LOC551540	GO:0003677,GO:0003689,GO:0005524,GO:0005634,GO:0005663,GO:0006261,GO:0006281,GO:0016887
LOC551553	GO:0016020,GO:0022857,GO:0055085
LOC551560	GO:0004497,GO:0005506,GO:0016705,GO:0020037
LOC551562	GO:0005524,GO:0007018,GO:0008569,GO:0016887,GO:0030286,GO:0045505,GO:0051959
LOC551571	GO:0001607,GO:0005886,GO:0007218
LOC551581	GO:0004335,GO:0005524,GO:0005737,GO:0005829,GO:0006012,GO:0046835
LOC551582	GO:0003723,GO:0042803,GO:0045450
LOC551589	GO:0006486,GO:0008194,GO:0016020,GO:0016758
LOC551591	GO:0008420
LOC551616	GO:0005524,GO:0006281,GO:0031297,GO:0043596,GO:0140658
LOC551619	GO:0005886
LOC551621	GO:0004930,GO:0005515,GO:0007186,GO:0016020
LOC551623	GO:0003729
LOC551628	GO:0005886,GO:0007156,GO:0007411,GO:0030424,GO:0070593,GO:0098632
LOC551632	GO:0005506,GO:0005737,GO:0006082,GO:0006805,GO:0016712,GO:0020037,GO:0043231
LOC551661	GO:0005509
LOC551663	GO:0004222,GO:0006509
LOC551680	GO:0004888,GO:0005230,GO:0005254,GO:0007165,GO:0007268,GO:0016020,GO:0030594,GO:0042391,GO:0043005,GO:0045202,GO:0050877,GO:1902476
LOC551685	GO:0000776,GO:0004672,GO:0005524,GO:0006468,GO:0007094,GO:0007140,GO:0008608,GO:0030496,GO:0043063,GO:0045171,GO:0051306
LOC551711	GO:0003777,GO:0005524,GO:0007018,GO:0007052,GO:0008017
LOC551733	GO:0007409,GO:0007417,GO:0008201,GO:0016020,GO:0043005,GO:0043025,GO:0046914
LOC551737	GO:0005524,GO:0007269,GO:0008021,GO:0030672,GO:0046872
LOC551739	GO:0005658,GO:0006269
LOC551740	GO:0005634,GO:0006281,GO:0030915
LOC551741	GO:0005085,GO:0005737
LOC551754	GO:0005634,GO:0016422,GO:0099122
LOC551757	GO:0005750,GO:0006122
LOC551761	GO:0016020,GO:1902936
LOC551772	GO:0016012,GO:0042383,GO:0048738,GO:0060047
LOC551773	GO:0004674,GO:0005524,GO:0005634,GO:0005737,GO:0007165,GO:0018105
LOC551792	GO:0004181,GO:0006508,GO:0008270,GO:0035609,GO:0035610
LOC551796	GO:0005886,GO:0006865,GO:0015171,GO:0055085
LOC551802	GO:0001534,GO:0005930,GO:0035082,GO:0060271,GO:0060294
LOC551803	GO:0000978,GO:0000981,GO:0005634,GO:0006357
LOC551805	GO:0004620,GO:0006644
LOC551820	GO:0003690,GO:0005634,GO:0007131
LOC551845	GO:0005251,GO:0005515,GO:0008076,GO:0030424,GO:0032590,GO:0032809,GO:0051260,GO:0071805
LOC551847	GO:0045127
LOC551858	GO:0004502,GO:0005741,GO:0006569,GO:0016174,GO:0019674,GO:0019805,GO:0070189,GO:0071949
LOC551860	GO:0003950,GO:0005635,GO:0016020,GO:0019900,GO:0030968,GO:0043539,GO:0071782
LOC551868	GO:0005515
LOC551871	GO:0016020,GO:0055085
LOC551898	GO:0016020,GO:0051604,GO:0072659
LOC551904	GO:0004368,GO:0005509,GO:0005739,GO:0006072,GO:0009331
LOC551914	GO:0003682,GO:0006357,GO:0007399,GO:0016514,GO:0035267,GO:0043967
LOC551934	GO:0004862,GO:0005634,GO:0005737,GO:2000480
LOC551944	GO:0005739,GO:0007005,GO:0016020
LOC551945	GO:0000902,GO:0016477,GO:0030031,GO:0030866,GO:0031209,GO:0048812
LOC551949	GO:0004674,GO:0005515,GO:0005524,GO:0005634,GO:0005737,GO:0006468,GO:0044773
LOC551958	GO:0004775,GO:0005524,GO:0005739,GO:0006099,GO:0006104,GO:0042709,GO:0046872
LOC551973	GO:0003729,GO:0005847,GO:0110104
LOC551983	GO:0004799,GO:0005739,GO:0005829,GO:0006231
LOC552015	GO:0005524,GO:0005737,GO:0005739,GO:0016887
LOC552018	GO:0002940,GO:0003723,GO:0004809,GO:0005634,GO:0016491
LOC552021	GO:0005515,GO:0005813,GO:0005929,GO:0030992,GO:0060271
LOC552037	GO:0005515,GO:0005814,GO:0036064,GO:0060271
LOC552066	GO:0005737,GO:0016491
LOC552069	GO:0004022,GO:0005739,GO:0046872
LOC552078	GO:0005737,GO:0006508,GO:0008270,GO:0042277,GO:0043171,GO:0070006
LOC552083	GO:0000398,GO:0005684
LOC552086	GO:0004034,GO:0006006,GO:0030246,GO:0033499
LOC552095	GO:0003677,GO:0003950,GO:0005634,GO:0008270,GO:0051287
LOC552099	GO:0000981,GO:0003677,GO:0006355,GO:0007417,GO:0007420,GO:0030182
LOC552149	GO:0005886,GO:0015250,GO:0055085
LOC552157	GO:0005515
LOC552186	GO:0005515,GO:0005680,GO:0010997,GO:0031145,GO:1904668,GO:1905786,GO:1990757
LOC552187	GO:0005515
LOC552200	GO:0005634,GO:0010468,GO:0016581,GO:0035098,GO:0042393
LOC552205	GO:0005789,GO:0009922,GO:0019367,GO:0030148,GO:0034625,GO:0034626,GO:0042761
LOC552206	GO:0000932,GO:0003724,GO:0003729,GO:0005524,GO:0010494,GO:0033962,GO:0034063
LOC552209	GO:0005509,GO:0016460,GO:0030234
LOC552215	GO:0008080
LOC552216	GO:0004016,GO:0005886,GO:0006171,GO:0007189,GO:0007193,GO:0035556
LOC552224	GO:0007018,GO:0008569,GO:0030286,GO:0045505,GO:0051959
LOC552231	GO:0003723
LOC552238	GO:0005515,GO:0060271
LOC552245	GO:0000785,GO:0005634,GO:0007064,GO:0061733
LOC552251	GO:0000977,GO:0000981,GO:0006357
LOC552276	GO:0005576,GO:0005975,GO:0008061,GO:0016810
LOC552284	GO:0000290,GO:0000340,GO:0000932,GO:0005634,GO:0016787
LOC552311	GO:0000978,GO:0000981,GO:0001708,GO:0005634,GO:0006357,GO:0045893
LOC552357	GO:0005975
LOC552358	GO:0005509,GO:0005515
LOC552395	GO:0016614,GO:0050660
LOC552417	GO:0004768,GO:0005506,GO:0005789,GO:0006636
LOC552457	GO:0016614,GO:0050660
LOC552461	GO:0004867,GO:0005515
LOC552488	GO:0003713,GO:0005515,GO:0005634,GO:0045893
LOC552492	GO:0005737,GO:0006470,GO:0008138,GO:0033549,GO:0043409
LOC552503	GO:0005515
LOC552505	GO:0008028,GO:0015718,GO:0055085
LOC552508	GO:0003777,GO:0005524,GO:0005634,GO:0005871,GO:0005874,GO:0007018,GO:0008017,GO:0016887
LOC552512	GO:0005524,GO:0005871,GO:0005874,GO:0007018,GO:0008017,GO:0008574,GO:0016887
LOC552513	GO:0005515
LOC552531	GO:0005524,GO:0005759,GO:0044183,GO:0046872,GO:0051082,GO:0051085,GO:0051087
LOC552545	GO:0005576,GO:0005886,GO:0009986,GO:0016477,GO:0062023,GO:0090263,GO:1905475
LOC552546	GO:0005509,GO:0005886,GO:0007156
LOC552550	GO:0000785,GO:0004842,GO:0005515,GO:0005654,GO:0008270,GO:0045893
LOC552559	GO:0000243,GO:0000387,GO:0003723,GO:0005682,GO:0005685,GO:0005686,GO:0005687,GO:0005689,GO:0006396,GO:0034715,GO:0034719,GO:0071011,GO:0071013,GO:0097526
LOC552561	GO:0004843,GO:0071108,GO:1990380
LOC552577	GO:0005789,GO:0005886,GO:0030314
LOC552600	GO:0016671
LOC552601	GO:0004843,GO:0006302,GO:0008237,GO:0031593,GO:0070531,GO:0070537,GO:0070552
LOC552633	GO:0008289
LOC552639	GO:0003998
LOC552640	GO:0008519,GO:0016020,GO:0072488,GO:0097272
LOC552651	GO:0005737,GO:0007019,GO:0015631,GO:0031110,GO:0031175,GO:0043005
LOC552657	GO:0004642,GO:0006189
LOC552662	GO:0003729,GO:0005730,GO:0031123,GO:0031499,GO:1990817
LOC552679	GO:0004497,GO:0005506,GO:0016705,GO:0020037
LOC552692	GO:0003884,GO:0046416,GO:0071949
LOC552707	GO:0005737
LOC552724	GO:0005576,GO:0008061
LOC552725	GO:0003976,GO:0005794,GO:0016256,GO:0046835
LOC552728	GO:0004521
LOC552733	GO:0004672,GO:0005524,GO:0005876,GO:0006468,GO:0007052,GO:0031616,GO:0032133,GO:0032465,GO:0051233
LOC552748	GO:0005634,GO:0010485,GO:0031509,GO:0042393,GO:0043967
LOC552749	GO:0002028
LOC552757	GO:0003997,GO:0005504,GO:0005777,GO:0033540,GO:0055088,GO:0071949
LOC552761	GO:0004930,GO:0007186,GO:0016020
LOC552763	GO:0003688,GO:0005524,GO:0005634,GO:0006270,GO:0016887,GO:0033314,GO:0051301
LOC552766	GO:0000226,GO:0000278,GO:0005200,GO:0005525,GO:0005737,GO:0005874
LOC552771	GO:0010181,GO:0016491
LOC552778	GO:0003682,GO:0006261
LOC552781	GO:0031118,GO:0031120,GO:0031429,GO:0034513
LOC552804	GO:0006457,GO:0043014
LOC552809	GO:0005751
LOC724120	GO:0000977,GO:0000981,GO:0006357
LOC724133	GO:0003747,GO:0006415
LOC724138	GO:0032589,GO:0050808
LOC724148	GO:0000978,GO:0000981,GO:0005634,GO:0006357,GO:0048513
LOC724154	GO:0007112,GO:0007283
LOC724169	GO:0000978,GO:0000981,GO:0005634,GO:0006357
LOC724170	GO:0003677,GO:0003887,GO:0005634,GO:0006303
LOC724172	GO:0005829,GO:0008104,GO:0016020,GO:0019901
LOC724175	GO:0004497,GO:0005506,GO:0016705,GO:0020037
LOC724193	GO:0003777,GO:0005524,GO:0007018,GO:0008017
LOC724196	GO:0000978,GO:0000981,GO:0045944
LOC724202	GO:0004984,GO:0005549,GO:0005886,GO:0007608,GO:0050911
LOC724211	GO:0004497,GO:0005506,GO:0016705,GO:0020037
LOC724214	GO:0005634,GO:0005737
LOC724220	GO:0000149,GO:0001786,GO:0005509,GO:0005544,GO:0014059,GO:0016020,GO:0017156,GO:0017158,GO:0030276,GO:0071277
LOC724226	GO:0004768,GO:0005506,GO:0005789,GO:0006636
LOC724227	GO:0016020,GO:0022857,GO:0055085
LOC724239	GO:0009058,GO:0016212,GO:0030170,GO:1901605
LOC724244	GO:0000724,GO:0005524,GO:0016887,GO:0030915
LOC724251	GO:0016012
LOC724252	GO:0000978,GO:0000981,GO:0005634,GO:0006357,GO:0009952
LOC724259	GO:0004252,GO:0006508
LOC724269	GO:0005515
LOC724270	GO:0005184,GO:0005576,GO:0007623
LOC724274	GO:0009408,GO:0042026,GO:0044183
LOC724287	GO:0004252,GO:0016020
LOC724293	GO:0005576
LOC724299	GO:0005515,GO:0007274
LOC724301	GO:0000977,GO:0000981,GO:0006357
LOC724315	GO:0000978,GO:0000981,GO:0006357,GO:0009653,GO:0030154
LOC724319	GO:0005515
LOC724322	GO:0000978,GO:0000981,GO:0045944,GO:0046983
LOC724348	GO:0016491
LOC724367	GO:0009408,GO:0042026,GO:0044183
LOC724386	GO:0032367,GO:0032934
LOC724388	GO:0016020
LOC724395	GO:0005576,GO:0008061
LOC724405	GO:0009408,GO:0042026,GO:0044183
LOC724412	GO:0000977,GO:0000981,GO:0005634,GO:0006357,GO:0048598
LOC724418	GO:0016311,GO:0016791
LOC724425	GO:0003729,GO:0005634
LOC724432	GO:0000462,GO:0005730,GO:0030686
LOC724436	GO:0006644,GO:0047498,GO:0050482
LOC724439	GO:0005615,GO:0032504
LOC724449	GO:0009408,GO:0042026,GO:0044183
LOC724460	GO:0005515,GO:0005886
LOC724462	GO:0004984,GO:0005549,GO:0005886,GO:0007608,GO:0050911
LOC724464	GO:0005576,GO:0008061
LOC724472	GO:0005737,GO:0006338,GO:0070209
LOC724473	GO:0004983,GO:0007186,GO:0016020
LOC724474	GO:0003729,GO:0005634,GO:0005844,GO:0006396
LOC724488	GO:0009408,GO:0042026,GO:0044183
LOC724501	GO:0090090
LOC724537	GO:0004197,GO:0004843,GO:0005634,GO:0005829,GO:0016579,GO:0042981
LOC724543	GO:0009055,GO:0020037
LOC724546	GO:0006814,GO:0015293,GO:0016020,GO:0055085
LOC724548	GO:0005178,GO:0007160,GO:0007229,GO:0008305,GO:0009897,GO:0033627,GO:0098609
LOC724552	GO:0005789,GO:0009922,GO:0019367,GO:0030148,GO:0034625,GO:0034626,GO:0042761
LOC724563	GO:0004867,GO:0005576,GO:0005604,GO:0005615,GO:0007160
LOC724564	GO:0005789,GO:0006486,GO:0019408,GO:0045547,GO:1904423
LOC724571	GO:0001653,GO:0004383,GO:0004672,GO:0005524,GO:0006182,GO:0006468,GO:0007168,GO:0016020,GO:0035556
LOC724580	GO:0019991
LOC724590	GO:0004984,GO:0005549,GO:0005886,GO:0007608,GO:0050911
LOC724611	GO:0003341,GO:0005524,GO:0005929,GO:0018094,GO:0046872,GO:0060271,GO:0070736
LOC724612	GO:0005737,GO:0006508,GO:0008270,GO:0042277,GO:0043171,GO:0070006
LOC724616	GO:0004222,GO:0005886,GO:0016485
LOC724619	GO:0003993,GO:0052745
LOC724624	GO:0008010,GO:0062129
LOC724629	GO:0000028,GO:0003735,GO:0005840,GO:0006412,GO:0022627,GO:0030490
LOC724633	GO:0000786,GO:0003677,GO:0030527,GO:0046982
LOC724635	GO:0030488,GO:0106050
LOC724636	GO:0000978,GO:0000981,GO:0006357,GO:0007517,GO:0045663,GO:0046983
LOC724640	GO:0003700,GO:0006355,GO:0008270,GO:0043565
LOC724654	GO:0016020,GO:0020037,GO:0043231
LOC724658	GO:0005515,GO:0005730,GO:0030687,GO:0042273
LOC724681	GO:0004081,GO:0006167,GO:0006754
LOC724687	GO:0005634,GO:0005737,GO:0007052,GO:0007059,GO:0007346,GO:0008017,GO:0023052,GO:0031616,GO:0051382,GO:0051642
LOC724704	GO:0000900,GO:0003730,GO:0005634,GO:0005737,GO:0008135,GO:0016740,GO:0043005,GO:0043022,GO:0045202,GO:1990124,GO:2000766
LOC724731	GO:0003777,GO:0005524,GO:0005634,GO:0005871,GO:0005874,GO:0007018,GO:0008017,GO:0016887
LOC724740	GO:0003700,GO:0005634,GO:0006357,GO:1990837
LOC724752	GO:0000209,GO:0005515,GO:0008270,GO:0043161,GO:0061630
LOC724778	GO:0000977,GO:0000981,GO:0005634,GO:0006357,GO:0030182
LOC724796	GO:0000978,GO:0000981,GO:0005634,GO:0005667,GO:0006357
LOC724806	GO:0005524,GO:0007018,GO:0008569,GO:0016887,GO:0030286,GO:0045505,GO:0051959
LOC724852	GO:0016020
LOC724853	GO:0004930,GO:0007166,GO:0007186,GO:0016020
LOC724861	GO:0000978,GO:0000981,GO:0005634,GO:0006357
LOC724862	GO:0005635
LOC724869	GO:0000786,GO:0003677,GO:0030527,GO:0046982
LOC724878	GO:0008146,GO:0016020,GO:0016051
LOC724885	GO:0000978,GO:0003700,GO:0005634,GO:0006357
LOC724891	GO:0003677,GO:0006261,GO:0008622,GO:0042276
LOC724904	GO:0003998
LOC724914	GO:0000978,GO:0000981,GO:0005634,GO:0006357,GO:0009952,GO:0046983,GO:0050767
LOC724916	GO:0016020
LOC724917	GO:0004252,GO:0005615,GO:0006508
LOC724919	GO:0003824,GO:0030151,GO:0030170
LOC724942	GO:0006644,GO:0007165,GO:0008195,GO:0046839
LOC724946	GO:0004497,GO:0005506,GO:0016705,GO:0020037
LOC724971	GO:0004252,GO:0005515,GO:0005576,GO:0006508,GO:0008061,GO:0016020
LOC725003	GO:0000977,GO:0000981,GO:0005634,GO:0006357,GO:0009790,GO:0009880,GO:0048619
LOC725007	GO:0046592
LOC725020	GO:0000977,GO:0000981,GO:0006357,GO:0032502,GO:0046983
LOC725037	GO:0006281
LOC725044	GO:0005515,GO:0005669,GO:0006367,GO:0016251
LOC725046	GO:0044255
LOC725047	GO:0005654,GO:0005730
LOC725052	GO:0004984,GO:0005549,GO:0005886,GO:0007608,GO:0050911
LOC725064	GO:0005277,GO:0007268,GO:0016020,GO:0030121,GO:0030122,GO:0042908,GO:0042910,GO:0043195,GO:0055085
LOC725106	GO:0008194
LOC725111	GO:0005515,GO:0031047,GO:0034584,GO:0043186
LOC725117	GO:0005829,GO:0007275,GO:0016020,GO:0040037,GO:0043407,GO:0046580,GO:0048513
LOC725131	GO:0000226,GO:0003779,GO:0005829,GO:0005874,GO:0005875,GO:0007409,GO:0008017,GO:0016358,GO:0030425,GO:0031114,GO:0043025,GO:0045202
LOC725134	GO:0003723,GO:0005515,GO:0005634,GO:0005737,GO:0016973
LOC725142	GO:0000398,GO:0000932,GO:0003723,GO:0005688,GO:0046540,GO:0071011,GO:0071013,GO:1990726
LOC725143	GO:0005730,GO:0006364,GO:0032040
LOC725144	GO:0004861,GO:0005634,GO:0051726
LOC725151	GO:0000978,GO:0000981,GO:0005634,GO:0006357,GO:0007275,GO:0030182
LOC725154	GO:0004252,GO:0006508
LOC725178	GO:0004563,GO:0005975,GO:0006689,GO:0016020,GO:0030203
LOC725189	GO:0003677,GO:0005515,GO:0005634,GO:0006357
LOC725191	GO:0000978,GO:0000981,GO:0005634,GO:0006357
LOC725192	GO:0016020
LOC725200	GO:0005515,GO:0005524,GO:0016887
LOC725205	GO:0004984,GO:0005549,GO:0005886,GO:0007608,GO:0050911
LOC725208	GO:0003697,GO:0005634,GO:0006301,GO:0006513,GO:0061630,GO:0097505
LOC725209	GO:0005044,GO:0005737,GO:0016020
LOC725215	GO:0016311,GO:0016791
LOC725225	GO:0007155,GO:0016020,GO:0042246
LOC725238	GO:0000786,GO:0003690,GO:0005634,GO:0006334,GO:0030261,GO:0030527,GO:0031492,GO:0045910
LOC725247	GO:0002100,GO:0005634,GO:0005737,GO:0052717
LOC725250	GO:0004252,GO:0006508
LOC725258	GO:0005783,GO:0016491
LOC725263	GO:0000045,GO:0005634,GO:0005776,GO:0045893
LOC725270	GO:0005634,GO:0005737,GO:0016926,GO:0070139
LOC725279	GO:0000978,GO:0000981,GO:0005634,GO:0006357,GO:0008270
LOC725281	GO:0005737,GO:0005739,GO:0006099,GO:0030060
LOC725294	GO:0004725,GO:0005515,GO:0006470
LOC725318	GO:0005886
LOC725325	GO:0004345,GO:0005829,GO:0006006,GO:0009051,GO:0050661
LOC725327	GO:0000978,GO:0004879,GO:0008270,GO:0030154,GO:0045944,GO:0048856
LOC725344	GO:0000786,GO:0003677,GO:0030527,GO:0046982
LOC725346	GO:0015179,GO:0016020,GO:0035725
LOC725350	GO:0000122,GO:0000978,GO:0000981,GO:0008270,GO:0045165,GO:0045944
LOC725360	GO:0001534,GO:0005930,GO:0035082,GO:0044458,GO:0060294
LOC725391	GO:0005515,GO:0005576,GO:0005975,GO:0008061
LOC725396	GO:0003729,GO:0005634,GO:0006406
LOC725404	GO:0000281
LOC725407	GO:0000978,GO:0000981,GO:0005634,GO:0045944
LOC725420	GO:0015179,GO:0016020,GO:0035725
LOC725421	GO:0005515
LOC725444	GO:0005856
LOC725450	GO:0000786,GO:0003677,GO:0030527,GO:0046982
LOC725453	GO:0005834,GO:0007200,GO:0031681,GO:0050909
LOC725456	GO:0015179,GO:0016020,GO:0035725
LOC725461	GO:0005515
LOC725469	GO:0000278,GO:0005524,GO:0005874,GO:0007018,GO:0008017,GO:0008574
LOC725482	GO:0016616,GO:0019752
LOC725498	GO:0005615,GO:0007160
LOC725523	GO:0005814,GO:0005856,GO:0005879,GO:0008017,GO:0034453,GO:0036064,GO:0036126
LOC725532	GO:0000977,GO:0000981,GO:0005634,GO:0006357,GO:0030182
LOC725543	GO:0005515,GO:0005615
LOC725548	GO:0005615
LOC725552	GO:0003677,GO:0003899,GO:0005615,GO:0005886,GO:0006351,GO:0006508,GO:0008237,GO:0008241
LOC725557	GO:0005615,GO:0031012
LOC725574	GO:0000977,GO:0000981,GO:0005634,GO:0006357,GO:0030182
LOC725581	GO:0005452,GO:0005886,GO:0006820,GO:0008509,GO:0015701,GO:0051453,GO:0055085
LOC725586	GO:0003676,GO:0005634,GO:0005737,GO:0006139,GO:0008408
LOC725588	GO:0007165
LOC725589	GO:0005813,GO:0005814,GO:0007098,GO:0022027,GO:1903724
LOC725593	GO:0005524,GO:0007018,GO:0008569,GO:0016887,GO:0030286,GO:0045505,GO:0051959
LOC725619	GO:0032589,GO:0050808
LOC725626	GO:0003723,GO:0005654,GO:0010468
LOC725632	GO:0003688,GO:0003697,GO:0005634,GO:0006260,GO:0006270,GO:0031298
LOC725646	GO:0008747,GO:0008840,GO:0019262
LOC725649	GO:0003341,GO:0005929,GO:0036158
LOC725671	GO:0000978,GO:0000981,GO:0005634,GO:0006357,GO:0030154
LOC725686	GO:0005886,GO:0031267,GO:0035023
LOC725688	GO:0008270
LOC725690	GO:0016020
LOC725699	GO:0005515
LOC725701	GO:0005886,GO:0006820,GO:0022857,GO:0055085
LOC725720	GO:0004714,GO:0005030,GO:0005524,GO:0006468,GO:0007169,GO:0007275,GO:0030424,GO:0033674,GO:0043121,GO:0043235,GO:1990090
LOC725724	GO:0004970,GO:0016020
LOC725756	GO:0004565,GO:0005773,GO:0005975
LOC725761	GO:0000281,GO:0000776,GO:0005634,GO:0030496,GO:0032133,GO:0043539,GO:0051257,GO:0051310,GO:0071902,GO:1990385
LOC725766	GO:0005515
LOC725782	GO:0005509,GO:0005886,GO:0030018,GO:0030036,GO:0030054,GO:0030864,GO:0042995,GO:0051015,GO:0055001
LOC725783	GO:0005515
LOC725792	GO:0005634
LOC725798	GO:0005634,GO:0005737,GO:0007088,GO:0019901,GO:0032147,GO:0060236
LOC725803	GO:0005515,GO:0005615,GO:0031012
LOC725813	GO:0005576,GO:0005975,GO:0008061
LOC725841	GO:0005540
LOC725859	GO:0005634,GO:0006355
LOC725864	GO:0003676,GO:0008270
LOC725876	GO:0003908,GO:0006281
LOC725878	GO:0003729,GO:0005634,GO:0048024
LOC725879	GO:0000776,GO:0034508
LOC725885	GO:0000978,GO:0000981,GO:0006357
LOC725892	GO:0007155,GO:0030198,GO:0031012,GO:0050839
LOC725893	GO:0005515
LOC725900	GO:0015297,GO:0016020,GO:1902600
LOC725908	GO:0001147,GO:0004386,GO:0005515,GO:0006369,GO:0016604
LOC725920	GO:0005509,GO:0005515
LOC725924	GO:0005515
LOC725925	GO:0005506,GO:0005737,GO:0006449,GO:0019511,GO:0031418,GO:0031543
LOC725928	GO:0005085,GO:0005737,GO:0005886,GO:0007264,GO:0031267
LOC725935	GO:0007095,GO:0010997,GO:0032147,GO:0033314
LOC725936	GO:0004672,GO:0005515,GO:0005524,GO:0006468
LOC725949	GO:0005802,GO:1902004
LOC725963	GO:0005515,GO:0005737,GO:0031514,GO:0044782
LOC725966	GO:0000978,GO:0000981,GO:0006357,GO:0009653,GO:0030154
LOC725976	GO:0000785,GO:0003755,GO:0005527,GO:0005730
LOC726016	GO:0007064,GO:0031390
LOC726017	GO:0043005
LOC726027	GO:0003924,GO:0005525,GO:0005737,GO:0015630,GO:0060271
LOC726040	GO:0001676,GO:0004467,GO:0005739,GO:0046949
LOC726042	GO:0005743,GO:0005751,GO:0006123,GO:0030234
LOC726047	GO:0000307,GO:0007346,GO:0019005,GO:0019901,GO:0042393,GO:0043130,GO:0061575
LOC726050	GO:0000978,GO:0000981,GO:0005634,GO:0006357,GO:0009887
LOC726051	GO:0000278,GO:0000922,GO:0004674,GO:0005515,GO:0005524,GO:0005634,GO:0005737,GO:0005813,GO:0006468,GO:0032465
LOC726054	GO:0005794,GO:0007030,GO:0009306
LOC726066	GO:0016020,GO:0022857,GO:0055085
LOC726069	GO:0001653,GO:0004383,GO:0004672,GO:0005524,GO:0006182,GO:0006468,GO:0007168,GO:0016020,GO:0035556
LOC726074	GO:0003924,GO:0005525
LOC726106	GO:0032589,GO:0050808
LOC726121	GO:0001725,GO:0003779,GO:0005912,GO:0030018,GO:0030036,GO:0031941,GO:0051371,GO:0061061
LOC726126	GO:0004252,GO:0006508
LOC726130	GO:0004930,GO:0007186,GO:0016020
LOC726131	GO:0042719
LOC726137	GO:0005634,GO:0006325,GO:0006355,GO:0016575,GO:0035267,GO:0043968,GO:0043984,GO:0072487
LOC726145	GO:0000209,GO:0005515,GO:0005634,GO:0043161,GO:0061631
LOC726153	GO:0003723,GO:0005634
LOC726158	GO:0005886,GO:0006751,GO:0036374
LOC726165	GO:0000978,GO:0000981,GO:0006357,GO:0009653,GO:0030154
LOC726179	GO:0000122,GO:0001817,GO:0002682
LOC726180	GO:0000978,GO:0000981,GO:0006355,GO:0009653,GO:0030154
LOC726184	GO:0000978,GO:0000981,GO:0005634,GO:0006357
LOC726200	GO:0000978,GO:0000981,GO:0006357,GO:0048856
LOC726210	GO:0004553,GO:0005975
LOC726227	GO:0003896,GO:0005658,GO:0006269
LOC726230	GO:0003700,GO:0005634,GO:0006355
LOC726235	GO:0003682,GO:0005524,GO:0005634,GO:0005721,GO:0006306,GO:0006346,GO:0031508,GO:0044027,GO:0046651,GO:0140658
LOC726238	GO:0005249,GO:0005737,GO:0006813,GO:0008076,GO:0015459,GO:0044325,GO:1901379
LOC726240	GO:0019825,GO:0020037
LOC726247	GO:0005634,GO:0006357
LOC726252	GO:0005515
LOC726253	GO:0006488,GO:0016758
LOC726268	GO:0030431,GO:0032222,GO:1903818
LOC726269	GO:0004602,GO:0006979
LOC726297	GO:0005751,GO:0006123
LOC726298	GO:0000978,GO:0000981,GO:0006355,GO:0009653,GO:0030154
LOC726302	GO:0000978,GO:0000981,GO:0006357
LOC726309	GO:0005515,GO:0005615,GO:0031012
LOC726347	GO:0005813,GO:1902017
LOC726362	GO:0001676,GO:0004467,GO:0046949
LOC726370	GO:0000981,GO:0005634,GO:0006355,GO:0007417,GO:0021520,GO:0048812,GO:1990837
LOC726371	GO:0008198,GO:0017172,GO:0019448
LOC726375	GO:0005125,GO:0005576,GO:0005615,GO:0008083,GO:0030509,GO:0060395
LOC726392	GO:0015116,GO:0016020,GO:0055085
LOC726400	GO:0000978,GO:0000981,GO:0006357,GO:0009653,GO:0030154
LOC726418	GO:0004499,GO:0050660,GO:0050661
LOC726421	GO:0004222,GO:0005886,GO:0016485
LOC726441	GO:0140575
LOC726447	GO:0000786,GO:0003677,GO:0030527,GO:0046982
LOC726450	GO:0000978,GO:0004879,GO:0006357,GO:0008270,GO:0009755,GO:0009888,GO:0090575
LOC726456	GO:0000146,GO:0005524,GO:0005737,GO:0007015,GO:0015629,GO:0016459,GO:0030050,GO:0031982,GO:0051015
LOC726459	GO:0004984,GO:0005549,GO:0005886,GO:0007608,GO:0050911
LOC726463	GO:0006020,GO:0007165,GO:0008934,GO:0046854
LOC726468	GO:0000786,GO:0003677,GO:0030527,GO:0046982
LOC726476	GO:0000139,GO:0005795,GO:0006487,GO:0008455,GO:0009312
LOC726481	GO:0006020,GO:0007165,GO:0008934,GO:0046854
LOC726487	GO:0000786,GO:0003677,GO:0030527,GO:0046982
LOC726493	GO:0005615
LOC726496	GO:0000122,GO:0017053,GO:0031523
LOC726505	GO:0016020,GO:0022857,GO:0055085
LOC726506	GO:0003777,GO:0005524,GO:0007018,GO:0008017
LOC726510	GO:0000086,GO:0004725,GO:0005634,GO:0005737,GO:0006470,GO:0010971,GO:0110032
LOC726513	GO:0005524,GO:0005886,GO:0016887,GO:0140359
LOC726528	GO:0000978,GO:0000981,GO:0005634,GO:0006357
LOC726535	GO:0005886,GO:0007166,GO:0007188,GO:0008528,GO:0017046
LOC726537	GO:0003676,GO:0003724,GO:0005524
LOC726542	GO:0000786,GO:0003677,GO:0030527,GO:0046982
LOC726554	GO:0004181,GO:0006508,GO:0008270,GO:0009986
LOC726571	GO:0016311,GO:0016791
LOC726578	GO:0006820,GO:0022857,GO:0055085
LOC726585	GO:0005506,GO:0005783,GO:0006631,GO:0008610,GO:0016020,GO:0020037,GO:0080132
LOC726586	GO:0003676,GO:0003724,GO:0005524,GO:0005730
LOC726591	GO:0031122,GO:0034451,GO:1905515
LOC726597	GO:0003676,GO:0008270
LOC726601	GO:0005615,GO:0005769,GO:0005886,GO:0006826,GO:0055037
LOC726619	GO:0005634,GO:0008623,GO:0046982
LOC726620	GO:0005829,GO:0005854,GO:0042788
LOC726654	GO:0000978,GO:0000981,GO:0001708,GO:0005634,GO:0006357,GO:0007507,GO:0045893
LOC726668	GO:0001725,GO:0003779,GO:0005912,GO:0030018,GO:0030036,GO:0031941,GO:0051371,GO:0061061
LOC726679	GO:0072669
LOC726690	GO:0004497,GO:0005506,GO:0016705,GO:0020037
LOC726696	GO:0016020
LOC726720	GO:0008380,GO:0071011
LOC726725	GO:0005615,GO:0031012
LOC726737	GO:0016311,GO:0016791
LOC726743	GO:0000978,GO:0000981,GO:0005515,GO:0005634,GO:0006357,GO:0007548
LOC726762	GO:0016020,GO:0022857,GO:0055085
LOC726780	GO:0005515,GO:0005634
LOC726783	GO:0005319,GO:0006869
LOC726790	GO:0004674,GO:0005524,GO:0005634,GO:0006468,GO:0035556,GO:0043065
LOC726800	GO:0032502
LOC726812	GO:0001042,GO:0001181,GO:0005634,GO:0006361
LOC726816	GO:0000492,GO:0000812,GO:0003678,GO:0005524,GO:0006338,GO:0006357,GO:0016573,GO:0016887,GO:0031011,GO:0035267,GO:0097255
LOC726818	GO:0004563,GO:0005975,GO:0006689,GO:0016020,GO:0030203
LOC726819	GO:0003676,GO:0005524,GO:0005634
LOC726829	GO:0003009,GO:0005515,GO:0031234,GO:1901387,GO:1903078
LOC726853	GO:0005524,GO:0005886,GO:0016887,GO:0140359
LOC726854	GO:0005515,GO:0097543,GO:1904108
LOC726859	GO:0004161,GO:0004337,GO:0005737,GO:0045337
LOC726860	GO:0016020,GO:0020037,GO:0043231
LOC726863	GO:0005737,GO:0008146,GO:0051923
LOC726866	GO:0000978,GO:0000981,GO:0005634,GO:0006357
LOC726871	GO:0016020,GO:0022857,GO:0055085
LOC726905	GO:0016491
LOC726912	GO:0005515,GO:0005680,GO:0010997,GO:0031145,GO:1904668,GO:1905786,GO:1990757
LOC726916	GO:0000977,GO:0000981,GO:0005634,GO:0006357,GO:0008270
LOC726924	GO:0005737,GO:0045202
LOC726929	GO:0001708,GO:0005113,GO:0005509,GO:0005615,GO:0007224,GO:0007267,GO:0007275,GO:0010468,GO:0016539,GO:0016540
LOC726934	GO:0006629,GO:0008081
LOC726947	GO:0043130
LOC726958	GO:0005515
LOC726963	GO:0000228,GO:0000706,GO:0003677,GO:0003918,GO:0005524,GO:0007131,GO:0042138
LOC726969	GO:0004161,GO:0004337,GO:0005737,GO:0045337
LOC726978	GO:0003677,GO:0005634,GO:0006357,GO:0030154
LOC726981	GO:0005615,GO:0032504
LOC727010	GO:0005615,GO:0032504
LOC727021	GO:0005615,GO:0032504
LOC727028	GO:0005615,GO:0032504
LOC727037	GO:0016298
LOC727157	GO:0005615,GO:0031012
LOC727193	GO:0006629,GO:0016298
LOC727230	GO:0003729,GO:0005634,GO:0005737,GO:0017148
LOC727269	GO:0005515,GO:0005634,GO:0006357
LOC727284	GO:0000978,GO:0000981,GO:0005634,GO:0006357
LOC727287	GO:0000978,GO:0000981,GO:0005634,GO:0006357
LOC727299	GO:0003723,GO:0005654
LOC727302	GO:0003676,GO:0016020
LOC727333	GO:0004768,GO:0005506,GO:0005789,GO:0006636
LOC727346	GO:0015276,GO:0016020
LOC727378	GO:0000413,GO:0003755,GO:0006457,GO:0071013
LOC727408	GO:0005515,GO:0005886
LOC727447	GO:0005643,GO:0006405,GO:0006606,GO:0008139,GO:0017056
LOC727456	GO:0005975,GO:0016853,GO:0030246
LOC727486	GO:0000774,GO:0005634,GO:0005737,GO:0005829,GO:0016020,GO:0050821,GO:0051087
LOC727561	GO:0005515,GO:0005634,GO:0005737,GO:0006607,GO:0008139,GO:0061608
LOC727578	GO:0008010,GO:0062129
LOC727593	GO:0008194
LOC727622	GO:0004069,GO:0005829,GO:0006532,GO:0030170
LOC727630	GO:0000220,GO:0005886,GO:0007035,GO:0016471,GO:0046961,GO:0051117,GO:1902600
Lop2	GO:0004930,GO:0007186,GO:0007601,GO:0007602,GO:0016020
Mad	GO:0000978,GO:0000981,GO:0006357,GO:0046983
Mrjp3	GO:0005576
Mrjp5	GO:0005576
Mrjp7	GO:0005576
Mrjp8	GO:0005576
Mrjp9	GO:0005576
Msx	GO:0000977,GO:0000981,GO:0005634,GO:0006357,GO:0048598
nAChRa9	GO:0004888,GO:0005230,GO:0007165,GO:0007268,GO:0016020,GO:0030594,GO:0034220,GO:0042391,GO:0043005,GO:0045202,GO:0050877
nAChRb2	GO:0004888,GO:0005230,GO:0007165,GO:0007268,GO:0016020,GO:0030594,GO:0034220,GO:0042391,GO:0043005,GO:0045202,GO:0050877
Nrx-1	GO:0005509
Oa1	GO:0008227,GO:0016020,GO:0071880
Obp12	GO:0005549
Obp13	GO:0005549,GO:0005615,GO:0007608
Obp14	GO:0005549
Obp16	GO:0005549,GO:0005615,GO:0007608
Obp17	GO:0005549
Obp18	GO:0005549
Obp4	GO:0005549
Obp7	GO:0005549
Obp9	GO:0005549,GO:0005615,GO:0007608
Or25	GO:0004984,GO:0005549,GO:0005886,GO:0007608,GO:0050911
Or4	GO:0004984,GO:0005549,GO:0005886,GO:0007608,GO:0050911
Or5	GO:0004984,GO:0005549,GO:0005886,GO:0007608,GO:0050911
Or9	GO:0004984,GO:0005549,GO:0005886,GO:0007608,GO:0050911
Or98	GO:0004984,GO:0005549,GO:0005886,GO:0007608,GO:0050911
Pcl	GO:0004108,GO:0005759,GO:0005975,GO:0006099
Per	GO:0000122,GO:0000976,GO:0001222,GO:0005634,GO:0005737,GO:0032922,GO:0043153
PGRP-S3	GO:0008270,GO:0008745,GO:0009253,GO:0042834,GO:0045087
PIH1D1	GO:0000492,GO:0005737,GO:0006364,GO:0097255,GO:1990904
Prpf3	GO:0000398,GO:0046540
RCC1	GO:0005085,GO:0005737
Reck	GO:0005515,GO:0005886,GO:0008191,GO:0030198,GO:1904684
sGC-alpha1	GO:0004383,GO:0006182,GO:0008074,GO:0019934,GO:0020037,GO:0070482
Snf	GO:0000398,GO:0005685,GO:0030619
Stg-1	GO:0005245,GO:0016247,GO:0019226,GO:0032281,GO:0051968,GO:0098839,GO:0098943,GO:0098970,GO:0099590,GO:2000311
Syt20	GO:0000149,GO:0001786,GO:0005509,GO:0005544,GO:0014059,GO:0017156,GO:0017158,GO:0030276,GO:0071277
Tg	GO:0003810,GO:0018149
TpnCI	GO:0005509,GO:0030234
TpnCIIa	GO:0005509,GO:0030234
TpnCIIIa	GO:0005509,GO:0030234
TpnI	GO:0005861,GO:0006936
TpnT	GO:0005523,GO:0005861,GO:0006936,GO:0006937,GO:0045214
Tpx-4	GO:0005739,GO:0005829,GO:0045454,GO:0051920,GO:0098869
Tsf1	GO:0005576,GO:0005615,GO:0005769,GO:0005886,GO:0006826,GO:0055037
TyHyd	GO:0004511,GO:0005506,GO:0005737,GO:0006585,GO:0030424,GO:0043204
UHRF1	GO:0005515,GO:0016567,GO:0044027,GO:0061630
Uqcr11	GO:0005743,GO:0005750,GO:0006122
vas	GO:0003723,GO:0003724,GO:0005524,GO:0005634,GO:0007276,GO:0030154,GO:0043186
Vg	GO:0005319,GO:0006869
Vhdl	GO:0005319,GO:0006869
Y-e3	GO:0005576
Y-f	GO:0005576
Y-h	GO:0005576
